danmaku,now_rank,aid,url,reply,share,coin,favorite,his_rank,view
112101,0,6168110,http://www.bilibili.com/video/av6168110,38575,2498,15148,2032,0,3607789
21447,1,6117110,http://www.bilibili.com/video/av6117110,15985,22779,185693,175358,96,3602610
119679,0,6250940,http://www.bilibili.com/video/av6250940,33956,1789,14212,1812,0,3417271
69008,0,6447463,http://www.bilibili.com/video/av6447463,61672,7584,27122,181584,0,3385866
292301,0,6335861,http://www.bilibili.com/video/av6335861,47858,6129,36986,4852,0,3039174
12331,0,6108496,http://www.bilibili.com/video/av6108496,5800,22812,74392,105388,98,2512101
14414,0,6470859,http://www.bilibili.com/video/av6470859,8406,27674,52084,74559,85,2167569
11928,0,6467776,http://www.bilibili.com/video/av6467776,2602,36926,6870,68468,0,2154316
70079,0,6140738,http://www.bilibili.com/video/av6140738,9829,551,6547,904,0,2135285
57639,1,6375191,http://www.bilibili.com/video/av6375191,21386,43996,113773,64708,1,2109554
45265,0,6226935,http://www.bilibili.com/video/av6226935,6579,455,5185,862,0,2103507
102475,0,6206361,http://www.bilibili.com/video/av6206361,17591,7193,43229,9641,0,1984786
74708,0,6398082,http://www.bilibili.com/video/av6398082,9166,1002,9906,1167,0,1945596
42658,0,6320264,http://www.bilibili.com/video/av6320264,6719,500,5075,948,0,1919932
67506,0,6378682,http://www.bilibili.com/video/av6378682,6205,2852,32914,6852,74,1877479
61476,0,6464652,http://www.bilibili.com/video/av6464652,10677,2338,44341,6074,66,1831108
81822,0,6292254,http://www.bilibili.com/video/av6292254,8569,3712,37092,5445,0,1754543
50039,1,6467193,http://www.bilibili.com/video/av6467193,9225,27340,29851,104294,67,1736230
15635,1,6401720,http://www.bilibili.com/video/av6401720,7415,12658,18009,25144,1,1704805
28600,0,6209709,http://www.bilibili.com/video/av6209709,5005,4799,34659,10687,69,1647612
11795,0,6201477,http://www.bilibili.com/video/av6201477,6354,611,37397,7197,2,1609988
73059,0,6459678,http://www.bilibili.com/video/av6459678,6813,1613,6620,1958,0,1568059
29683,0,6201986,http://www.bilibili.com/video/av6201986,6017,546,2435,565,0,1478074
49562,0,6464960,http://www.bilibili.com/video/av6464960,4543,292,19005,17120,8,1401293
62832,0,6190780,http://www.bilibili.com/video/av6190780,13699,2384,14225,56405,0,1361918
20110,1,6272339,http://www.bilibili.com/video/av6272339,2751,20554,59602,67660,98,1338522
35559,0,6268516,http://www.bilibili.com/video/av6268516,1878,2742,1034,29930,0,1312732
15156,0,6276958,http://www.bilibili.com/video/av6276958,6231,1889,24919,5531,26,1303898
11577,0,6208644,http://www.bilibili.com/video/av6208644,4314,4124,27686,12610,55,1274313
6032,0,6286186,http://www.bilibili.com/video/av6286186,3841,4035,25924,39771,87,1241929
21508,0,6121816,http://www.bilibili.com/video/av6121816,2014,288,3772,507,0,1229938
17531,0,6207975,http://www.bilibili.com/video/av6207975,2407,301,3193,521,0,1197355
28435,0,6255385,http://www.bilibili.com/video/av6255385,4955,625,3621,817,0,1192451
7214,0,6294793,http://www.bilibili.com/video/av6294793,2059,396,4965,1728,84,1192367
17067,1,6207375,http://www.bilibili.com/video/av6207375,8340,2853,27588,55415,98,1190110
25584,0,6171128,http://www.bilibili.com/video/av6171128,4782,612,3963,796,0,1187691
19185,0,6298137,http://www.bilibili.com/video/av6298137,2691,216,2912,491,0,1178323
16258,1,6274082,http://www.bilibili.com/video/av6274082,10078,9513,64722,86578,58,1171448
8312,0,6121473,http://www.bilibili.com/video/av6121473,2860,2388,21012,10781,15,1159991
31825,0,6345621,http://www.bilibili.com/video/av6345621,9128,763,4756,907,0,1150181
8577,0,6292084,http://www.bilibili.com/video/av6292084,3573,265,1869,384,0,1142149
42609,0,6115075,http://www.bilibili.com/video/av6115075,3836,804,3312,1035,0,1140706
49081,0,6298708,http://www.bilibili.com/video/av6298708,9767,1610,12163,1860,0,1133259
39817,0,6429835,http://www.bilibili.com/video/av6429835,6049,1167,5806,843,0,1120384
5952,0,6460421,http://www.bilibili.com/video/av6460421,2851,293,1875,313,0,1119338
27956,0,6466045,http://www.bilibili.com/video/av6466045,3486,342,2430,543,0,1117888
5879,0,6116035,http://www.bilibili.com/video/av6116035,2982,224,1285,322,0,1114808
26507,0,6380368,http://www.bilibili.com/video/av6380368,3557,409,3244,440,0,1108702
7317,0,6203703,http://www.bilibili.com/video/av6203703,2066,247,1253,330,0,1095325
6754,0,6463773,http://www.bilibili.com/video/av6463773,1452,395,5775,1824,40,1089191
5938,0,6375245,http://www.bilibili.com/video/av6375245,3173,223,1384,383,0,1088691
10492,0,6384185,http://www.bilibili.com/video/av6384185,3747,434,25396,3079,81,1063661
5449,0,6206642,http://www.bilibili.com/video/av6206642,2109,1396,12860,24663,96,1051390
117896,1,6266279,http://www.bilibili.com/video/av6266279,10840,4676,41597,83563,80,1040654
5142,0,6275111,http://www.bilibili.com/video/av6275111,2129,178,1241,292,0,1037937
11739,1,6445189,http://www.bilibili.com/video/av6445189,3168,13650,32169,33170,99,1033212
7526,0,6169183,http://www.bilibili.com/video/av6169183,1803,248,1491,406,0,1031429
5873,0,6207036,http://www.bilibili.com/video/av6207036,1156,262,3705,1334,34,1028176
3483,0,6179885,http://www.bilibili.com/video/av6179885,2049,145,1137,298,0,1015116
5930,0,6193586,http://www.bilibili.com/video/av6193586,2014,144,1239,351,0,1014895
20419,0,6374661,http://www.bilibili.com/video/av6374661,33633,3270,32215,15314,27,1008541
6922,0,6120331,http://www.bilibili.com/video/av6120331,1547,282,4604,1259,32,1000693
5596,0,6159692,http://www.bilibili.com/video/av6159692,1699,156,1208,289,0,1000059
5723,0,6242071,http://www.bilibili.com/video/av6242071,1714,179,1282,304,0,993633
4918,0,6417044,http://www.bilibili.com/video/av6417044,2552,151,1516,252,0,990504
9311,0,6437347,http://www.bilibili.com/video/av6437347,2522,150,1304,256,0,984349
6278,0,6429831,http://www.bilibili.com/video/av6429831,2482,152,1365,264,0,984225
6015,0,6263996,http://www.bilibili.com/video/av6263996,1486,139,1103,263,0,981684
5349,0,6450395,http://www.bilibili.com/video/av6450395,1887,125,1443,199,0,976777
5383,0,6335252,http://www.bilibili.com/video/av6335252,2358,116,1238,283,0,972883
4112,0,6255382,http://www.bilibili.com/video/av6255382,1516,124,1105,260,0,968846
23810,0,6208512,http://www.bilibili.com/video/av6208512,3260,398,5787,799,0,965465
28125,0,6122201,http://www.bilibili.com/video/av6122201,3839,441,6179,917,0,963134
4166,0,6365710,http://www.bilibili.com/video/av6365710,1837,139,1065,241,0,956245
11150,0,6426665,http://www.bilibili.com/video/av6426665,3033,1269,10402,4283,4,954927
5721,0,6378813,http://www.bilibili.com/video/av6378813,1131,249,4271,1217,18,949337
10112,0,6213192,http://www.bilibili.com/video/av6213192,3229,4753,15581,8651,27,945134
51363,0,6130025,http://www.bilibili.com/video/av6130025,5213,1345,3947,17239,0,944711
4759,0,6345624,http://www.bilibili.com/video/av6345624,1982,131,1481,280,0,934448
5332,0,6355463,http://www.bilibili.com/video/av6355463,2100,132,1255,225,0,930903
11206,1,6134548,http://www.bilibili.com/video/av6134548,8766,8444,117566,58249,82,917077
28332,0,6190356,http://www.bilibili.com/video/av6190356,1955,198,1545,305,0,916150
4577,0,6426720,http://www.bilibili.com/video/av6426720,2592,2648,10671,11303,28,914196
4458,1,6202208,http://www.bilibili.com/video/av6202208,1925,2419,18121,42697,27,912217
11449,0,6169315,http://www.bilibili.com/video/av6169315,4818,1072,9777,4260,6,903404
4561,0,6206700,http://www.bilibili.com/video/av6206700,1667,202,3346,978,35,898748
9365,0,6274696,http://www.bilibili.com/video/av6274696,4520,1208,8259,4114,0,895586
18479,0,6274576,http://www.bilibili.com/video/av6274576,1864,218,1425,272,0,895438
3618,0,6239768,http://www.bilibili.com/video/av6239768,2117,1365,1069,22996,0,881332
4563,0,6253025,http://www.bilibili.com/video/av6253025,3926,1987,15698,6799,4,880771
110791,1,6235951,http://www.bilibili.com/video/av6235951,17429,25318,109677,95378,100,875568
8245,0,6388107,http://www.bilibili.com/video/av6388107,1712,859,10110,3135,54,874995
6084,0,6120437,http://www.bilibili.com/video/av6120437,1054,918,5586,1366,35,865098
8255,0,6352870,http://www.bilibili.com/video/av6352870,4906,1188,7128,3177,10,861750
15323,0,6466388,http://www.bilibili.com/video/av6466388,2887,2502,16517,7953,75,860853
10342,1,6351501,http://www.bilibili.com/video/av6351501,2001,952,13368,32181,94,854595
19011,0,6311005,http://www.bilibili.com/video/av6311005,3506,405,21393,3688,25,839288
9962,0,6380768,http://www.bilibili.com/video/av6380768,1056,2111,17543,28127,95,836167
8787,0,6433460,http://www.bilibili.com/video/av6433460,1282,1912,6746,14512,80,832861
5362,0,6464154,http://www.bilibili.com/video/av6464154,1235,211,3591,840,41,832648
27987,0,6135634,http://www.bilibili.com/video/av6135634,6647,728,45755,7123,55,829127
4807,0,6385006,http://www.bilibili.com/video/av6385006,2456,445,7093,3994,19,828149
7061,0,6472986,http://www.bilibili.com/video/av6472986,1609,357,3251,1342,48,821601
8323,0,6216385,http://www.bilibili.com/video/av6216385,1663,360,2896,1556,44,814823
4793,0,6378784,http://www.bilibili.com/video/av6378784,1133,218,3797,895,30,809005
19233,0,6363539,http://www.bilibili.com/video/av6363539,2126,281,2211,256,0,806560
8194,0,6298914,http://www.bilibili.com/video/av6298914,3782,320,9939,2867,41,805385
8454,0,6130160,http://www.bilibili.com/video/av6130160,2243,400,3191,1792,77,796935
8321,0,6309657,http://www.bilibili.com/video/av6309657,2144,610,3382,1920,26,795097
19270,0,6448434,http://www.bilibili.com/video/av6448434,2055,255,1143,251,0,794278
8756,0,6343543,http://www.bilibili.com/video/av6343543,3763,1419,12083,5583,6,772088
7252,0,6263191,http://www.bilibili.com/video/av6263191,1466,6891,27944,34696,91,759613
28986,0,6117792,http://www.bilibili.com/video/av6117792,2362,376,2608,443,0,755784
18186,1,6151706,http://www.bilibili.com/video/av6151706,1995,2151,10935,48595,26,749655
4776,0,6469017,http://www.bilibili.com/video/av6469017,669,1802,4810,26227,27,746317
11142,0,6208992,http://www.bilibili.com/video/av6208992,3076,214,2765,380,0,745536
23560,0,6310323,http://www.bilibili.com/video/av6310323,5701,483,5258,706,0,742047
6196,1,6285705,http://www.bilibili.com/video/av6285705,1195,5684,14474,28461,94,731960
7659,0,6416910,http://www.bilibili.com/video/av6416910,3641,4392,6053,14327,90,731227
10470,0,6216224,http://www.bilibili.com/video/av6216224,2484,718,2096,5512,86,731051
9650,0,6159685,http://www.bilibili.com/video/av6159685,1284,214,1011,204,0,727384
37224,0,6298459,http://www.bilibili.com/video/av6298459,5424,1577,28422,7326,39,726486
36685,0,6408368,http://www.bilibili.com/video/av6408368,5896,1110,18173,1231,0,720756
16034,0,6122377,http://www.bilibili.com/video/av6122377,2018,250,3907,442,0,719437
29385,0,6204148,http://www.bilibili.com/video/av6204148,1971,279,2299,424,0,719174
5836,0,6164525,http://www.bilibili.com/video/av6164525,1945,6856,9542,6944,93,717727
3741,1,6212204,http://www.bilibili.com/video/av6212204,1499,6109,22135,28738,85,713256
6083,1,6429040,http://www.bilibili.com/video/av6429040,2781,7781,18765,22835,60,706670
6365,0,6449135,http://www.bilibili.com/video/av6449135,1169,5649,19638,46911,74,704643
5737,1,6132458,http://www.bilibili.com/video/av6132458,3663,2997,43136,61467,88,703008
15909,0,6270550,http://www.bilibili.com/video/av6270550,402,736,481,9489,0,702236
9397,0,6436447,http://www.bilibili.com/video/av6436447,2144,7522,5541,24940,70,700024
8037,0,6258902,http://www.bilibili.com/video/av6258902,1071,1196,2414,7969,67,698741
6411,0,6460490,http://www.bilibili.com/video/av6460490,1681,1524,13973,23552,39,698648
19997,0,6159680,http://www.bilibili.com/video/av6159680,2914,347,2404,480,0,698035
5425,0,6280036,http://www.bilibili.com/video/av6280036,1989,6952,13898,34163,58,690774
11585,0,6242069,http://www.bilibili.com/video/av6242069,847,276,1043,220,0,690670
2588,0,6364951,http://www.bilibili.com/video/av6364951,3160,1706,2711,2606,46,689853
3888,0,6114258,http://www.bilibili.com/video/av6114258,1805,6302,23747,29459,89,687554
4105,0,6201866,http://www.bilibili.com/video/av6201866,3163,4220,2235,20196,43,677582
25645,0,6171105,http://www.bilibili.com/video/av6171105,10559,372,1602,507,0,674433
15709,0,6386091,http://www.bilibili.com/video/av6386091,6371,6239,43188,33781,86,669951
21949,0,6254370,http://www.bilibili.com/video/av6254370,6465,244,1609,417,0,667453
44965,0,6465971,http://www.bilibili.com/video/av6465971,3061,4354,13592,9087,92,666659
12599,0,6190389,http://www.bilibili.com/video/av6190389,2820,136,5601,2175,23,650710
9371,0,6380138,http://www.bilibili.com/video/av6380138,2185,429,10105,4183,33,650211
6802,0,6460748,http://www.bilibili.com/video/av6460748,1306,3605,17438,19139,15,649177
28103,0,6293816,http://www.bilibili.com/video/av6293816,2991,274,2411,403,0,649021
73037,0,6175933,http://www.bilibili.com/video/av6175933,4099,765,3771,8229,0,647843
2063,0,6252635,http://www.bilibili.com/video/av6252635,981,97,1986,545,96,646693
33279,0,6460418,http://www.bilibili.com/video/av6460418,8132,716,3797,1258,0,646184
2477,0,6236171,http://www.bilibili.com/video/av6236171,799,478,1936,1549,30,645304
6668,0,6127578,http://www.bilibili.com/video/av6127578,1836,1731,20825,21549,53,639554
3685,0,6446345,http://www.bilibili.com/video/av6446345,3903,3020,15353,9818,35,638584
22879,0,6346043,http://www.bilibili.com/video/av6346043,7707,351,1685,568,0,638419
28151,0,6429054,http://www.bilibili.com/video/av6429054,5674,356,1307,383,0,638031
18192,0,6116040,http://www.bilibili.com/video/av6116040,5396,277,1533,574,0,637440
9420,0,6335256,http://www.bilibili.com/video/av6335256,1221,193,1046,195,0,627345
11743,0,6243774,http://www.bilibili.com/video/av6243774,3038,188,1643,254,0,626181
1934,0,6369912,http://www.bilibili.com/video/av6369912,703,397,4384,17340,65,624212
3741,0,6227723,http://www.bilibili.com/video/av6227723,2459,1574,1232,18316,58,623503
4487,0,6470435,http://www.bilibili.com/video/av6470435,912,5650,14805,23275,33,623437
21883,0,6465954,http://www.bilibili.com/video/av6465954,8519,539,1906,776,0,622531
12386,0,6388363,http://www.bilibili.com/video/av6388363,2447,682,4632,2362,78,618362
42169,0,6164935,http://www.bilibili.com/video/av6164935,3970,697,2374,6413,0,614008
19810,0,6140886,http://www.bilibili.com/video/av6140886,5212,383,2151,450,0,613622
2397,0,6211409,http://www.bilibili.com/video/av6211409,1331,372,741,7931,38,612329
40064,0,6472046,http://www.bilibili.com/video/av6472046,3895,6068,4786,14303,0,603899
9458,0,6417042,http://www.bilibili.com/video/av6417042,1214,249,956,170,0,603642
5741,0,6271596,http://www.bilibili.com/video/av6271596,1914,5181,6490,16955,31,602650
31542,0,6292061,http://www.bilibili.com/video/av6292061,12409,588,1776,594,0,601927
7514,0,6181669,http://www.bilibili.com/video/av6181669,2079,8267,41506,34635,99,600382
2264,1,6351680,http://www.bilibili.com/video/av6351680,1083,3578,17644,22584,75,599328
6514,0,6264711,http://www.bilibili.com/video/av6264711,3273,1954,2664,2536,26,599067
15897,0,6203732,http://www.bilibili.com/video/av6203732,5379,230,1155,419,0,595036
57552,0,6376700,http://www.bilibili.com/video/av6376700,4782,702,6356,910,0,591475
2494,0,6406308,http://www.bilibili.com/video/av6406308,678,438,2423,1439,32,588925
3284,0,6412200,http://www.bilibili.com/video/av6412200,640,7929,1909,12101,80,584938
4217,0,6330413,http://www.bilibili.com/video/av6330413,1139,1049,2015,3040,0,582477
4044,0,6352727,http://www.bilibili.com/video/av6352727,3431,2856,19074,13588,45,580579
3537,0,6253943,http://www.bilibili.com/video/av6253943,1698,1795,2831,2944,71,580062
15395,0,6376735,http://www.bilibili.com/video/av6376735,3937,259,1378,518,0,579160
4669,0,6383494,http://www.bilibili.com/video/av6383494,1938,677,6415,12850,18,576649
2603,0,6168691,http://www.bilibili.com/video/av6168691,833,3012,25380,18219,79,575349
4593,1,6423537,http://www.bilibili.com/video/av6423537,2067,3731,19887,19958,95,574330
7144,0,6376730,http://www.bilibili.com/video/av6376730,2136,286,6142,1189,49,574328
3279,0,6152482,http://www.bilibili.com/video/av6152482,1124,655,2356,1524,32,573509
77379,0,6136009,http://www.bilibili.com/video/av6136009,10943,2217,7874,10708,0,572605
8125,0,6118687,http://www.bilibili.com/video/av6118687,1651,325,5765,1148,66,572132
8671,0,6128219,http://www.bilibili.com/video/av6128219,4801,1861,21456,25699,15,570425
2066,0,6459857,http://www.bilibili.com/video/av6459857,1252,2213,22733,40259,51,567624
1297,0,6244301,http://www.bilibili.com/video/av6244301,867,1011,2138,5401,72,566762
16371,0,6282784,http://www.bilibili.com/video/av6282784,1968,2931,50261,30655,62,564689
2672,0,6290476,http://www.bilibili.com/video/av6290476,1187,723,5858,16228,52,563156
3955,0,6171858,http://www.bilibili.com/video/av6171858,2644,1226,3318,13650,20,562790
7992,0,6463093,http://www.bilibili.com/video/av6463093,1740,199,5403,889,53,559401
6152,0,6427282,http://www.bilibili.com/video/av6427282,3733,2547,5918,4327,16,556848
2573,0,6473722,http://www.bilibili.com/video/av6473722,921,1744,3277,3567,45,555262
15508,0,6226965,http://www.bilibili.com/video/av6226965,2894,281,1843,397,0,555090
7875,0,6474924,http://www.bilibili.com/video/av6474924,1104,772,3185,2400,0,550839
9301,0,6169410,http://www.bilibili.com/video/av6169410,3254,144,5069,1805,3,546293
2583,0,6427630,http://www.bilibili.com/video/av6427630,1535,1073,2919,8808,66,545736
2700,0,6265502,http://www.bilibili.com/video/av6265502,569,141,1176,1078,43,544024
3284,0,6465893,http://www.bilibili.com/video/av6465893,2974,5292,16510,18191,90,542102
2062,0,6176215,http://www.bilibili.com/video/av6176215,916,2620,9596,14363,25,538631
10364,0,6264948,http://www.bilibili.com/video/av6264948,3479,967,8091,2825,83,536005
10904,0,6335248,http://www.bilibili.com/video/av6335248,2333,176,1342,246,0,535862
9368,0,6454449,http://www.bilibili.com/video/av6454449,8647,10666,6377,27113,89,535273
30319,0,6238942,http://www.bilibili.com/video/av6238942,1572,1316,1211,22502,0,534062
2139,0,6345040,http://www.bilibili.com/video/av6345040,503,152,1151,1114,30,531615
2404,0,6150055,http://www.bilibili.com/video/av6150055,1330,3619,19671,24346,51,529117
7473,0,6452982,http://www.bilibili.com/video/av6452982,2848,3003,15818,29337,25,526034
2244,0,6451219,http://www.bilibili.com/video/av6451219,1176,722,9326,25727,34,523814
2256,0,6334807,http://www.bilibili.com/video/av6334807,5409,1684,1468,7199,0,523656
2951,0,6277360,http://www.bilibili.com/video/av6277360,1593,349,2061,1218,60,523001
35665,0,6393106,http://www.bilibili.com/video/av6393106,4614,744,21216,5464,47,522623
15124,0,6269429,http://www.bilibili.com/video/av6269429,495,713,237,6025,0,521328
3569,0,6131913,http://www.bilibili.com/video/av6131913,1254,244,876,1027,57,521038
5017,0,6126988,http://www.bilibili.com/video/av6126988,1649,697,3062,2452,62,519669
18457,0,6283649,http://www.bilibili.com/video/av6283649,3053,8308,90374,50728,89,519488
7884,0,6289877,http://www.bilibili.com/video/av6289877,2499,506,4954,1128,57,518207
7466,0,6282210,http://www.bilibili.com/video/av6282210,4724,1256,9918,12134,28,515661
3896,0,6443264,http://www.bilibili.com/video/av6443264,1179,1475,18304,14336,98,512402
4112,0,6395096,http://www.bilibili.com/video/av6395096,2280,2741,3938,3295,0,511780
15875,0,6417040,http://www.bilibili.com/video/av6417040,3397,263,1631,291,0,508885
5725,0,6404184,http://www.bilibili.com/video/av6404184,863,190,1903,1098,17,508684
6229,0,6218231,http://www.bilibili.com/video/av6218231,798,583,2448,1707,0,505599
6099,0,6384541,http://www.bilibili.com/video/av6384541,1739,2673,3456,3622,0,504263
5068,0,6368844,http://www.bilibili.com/video/av6368844,1401,751,4571,2342,38,502603
3465,0,6444269,http://www.bilibili.com/video/av6444269,1593,626,1987,2012,44,502377
2307,0,6425398,http://www.bilibili.com/video/av6425398,621,135,2348,654,97,500008
7398,0,6130873,http://www.bilibili.com/video/av6130873,1901,358,2186,1096,64,496568
6259,0,6251385,http://www.bilibili.com/video/av6251385,2708,922,13300,2575,91,494426
50412,0,6240427,http://www.bilibili.com/video/av6240427,3089,4289,3683,27716,0,494386
4019,0,6289477,http://www.bilibili.com/video/av6289477,3664,1143,16449,16060,63,494259
5424,1,6327472,http://www.bilibili.com/video/av6327472,2979,390,1492,13120,86,493735
4708,0,6296047,http://www.bilibili.com/video/av6296047,2054,813,5465,2850,55,489518
1652,0,6384883,http://www.bilibili.com/video/av6384883,1054,2016,7777,15876,24,489341
3417,0,6207368,http://www.bilibili.com/video/av6207368,1327,205,2669,1715,0,484676
2997,0,6214886,http://www.bilibili.com/video/av6214886,1166,2396,22471,20957,41,483460
2833,0,6136321,http://www.bilibili.com/video/av6136321,883,3167,8479,17892,55,482552
7531,1,6287758,http://www.bilibili.com/video/av6287758,2972,3201,3263,17302,0,479219
21497,0,6236685,http://www.bilibili.com/video/av6236685,2805,503,4631,7172,81,476915
2410,0,6167608,http://www.bilibili.com/video/av6167608,1304,2253,26204,10152,50,476836
2132,0,6394224,http://www.bilibili.com/video/av6394224,1291,322,1702,2126,61,476656
3635,0,6349209,http://www.bilibili.com/video/av6349209,842,3753,12295,24075,70,475984
11425,0,6110524,http://www.bilibili.com/video/av6110524,1054,66,1170,233,0,474479
2030,0,6257405,http://www.bilibili.com/video/av6257405,426,164,891,715,61,473664
4117,0,6393452,http://www.bilibili.com/video/av6393452,684,4398,7291,14358,74,471984
30146,0,6471993,http://www.bilibili.com/video/av6471993,9138,1973,4959,709,0,469076
1812,0,6168145,http://www.bilibili.com/video/av6168145,657,83,1822,505,94,469014
40376,0,6297024,http://www.bilibili.com/video/av6297024,5614,3433,14673,15681,28,468950
20470,0,6328996,http://www.bilibili.com/video/av6328996,413,1113,940,11874,0,468578
3712,0,6466542,http://www.bilibili.com/video/av6466542,2011,359,1065,2687,69,467142
1910,0,6358121,http://www.bilibili.com/video/av6358121,512,96,867,787,28,464554
11273,0,6321381,http://www.bilibili.com/video/av6321381,3469,236,1351,239,0,464129
2629,0,6171651,http://www.bilibili.com/video/av6171651,559,115,1136,998,42,462583
26692,0,6129893,http://www.bilibili.com/video/av6129893,2540,1007,5714,24656,12,459854
3980,0,6218953,http://www.bilibili.com/video/av6218953,1803,2422,6043,38774,74,458457
1452,0,6457158,http://www.bilibili.com/video/av6457158,1502,1130,691,7650,4,458182
5189,0,6265072,http://www.bilibili.com/video/av6265072,1760,187,253,4907,60,457389
39599,0,6136317,http://www.bilibili.com/video/av6136317,11172,256,11801,7207,91,455471
3120,0,6462638,http://www.bilibili.com/video/av6462638,1011,4226,7363,11683,52,454679
2077,0,6173456,http://www.bilibili.com/video/av6173456,613,419,922,1044,49,452069
2401,0,6367205,http://www.bilibili.com/video/av6367205,1394,347,1251,1393,82,451178
10310,0,6205823,http://www.bilibili.com/video/av6205823,2584,2208,25327,13455,24,450206
2039,0,6429326,http://www.bilibili.com/video/av6429326,623,157,917,709,47,449950
1044,0,6260812,http://www.bilibili.com/video/av6260812,1653,1294,1429,12634,4,449693
9847,0,6215543,http://www.bilibili.com/video/av6215543,2999,393,1868,1634,0,448525
5537,0,6143476,http://www.bilibili.com/video/av6143476,2344,352,3979,2726,73,447032
3142,0,6453113,http://www.bilibili.com/video/av6453113,1612,347,1292,1272,54,444873
9006,0,6198452,http://www.bilibili.com/video/av6198452,880,66,940,216,0,444582
8371,0,6380200,http://www.bilibili.com/video/av6380200,2014,3683,13834,25123,72,444116
3561,0,6396717,http://www.bilibili.com/video/av6396717,1948,3426,22607,20576,50,442901
16016,0,6279767,http://www.bilibili.com/video/av6279767,984,65,1029,217,0,439677
5881,0,6203511,http://www.bilibili.com/video/av6203511,1282,107,4086,763,0,438321
9114,0,6129775,http://www.bilibili.com/video/av6129775,512,1979,2259,26392,51,437056
1204,0,6178792,http://www.bilibili.com/video/av6178792,2652,742,727,7190,54,436345
1238,0,6284348,http://www.bilibili.com/video/av6284348,919,100,1209,764,65,436303
48253,0,6197509,http://www.bilibili.com/video/av6197509,15161,10911,7524,21152,89,433898
1089,0,6424560,http://www.bilibili.com/video/av6424560,682,4478,2078,18844,88,433413
19541,0,6183474,http://www.bilibili.com/video/av6183474,1960,237,1963,365,0,432800
7135,0,6171160,http://www.bilibili.com/video/av6171160,703,83,487,208,0,432761
2281,0,6370817,http://www.bilibili.com/video/av6370817,4943,2030,10584,7426,53,432150
3311,0,6117259,http://www.bilibili.com/video/av6117259,773,3807,10323,15077,46,432141
1286,0,6236269,http://www.bilibili.com/video/av6236269,1052,277,1492,961,59,432007
1538,0,6438888,http://www.bilibili.com/video/av6438888,831,1810,7815,12070,20,431513
7660,0,6466881,http://www.bilibili.com/video/av6466881,597,141,881,411,0,430412
982,0,6203347,http://www.bilibili.com/video/av6203347,600,477,537,6124,64,429744
998,0,6386493,http://www.bilibili.com/video/av6386493,1039,2314,4659,10530,77,428976
2515,0,6255649,http://www.bilibili.com/video/av6255649,687,137,990,826,38,423241
2794,0,6303824,http://www.bilibili.com/video/av6303824,1378,3926,23376,20548,78,422937
4154,0,6259077,http://www.bilibili.com/video/av6259077,1005,404,358,3506,88,422688
27406,0,6271242,http://www.bilibili.com/video/av6271242,3324,2524,41598,8493,80,420754
2067,0,6449361,http://www.bilibili.com/video/av6449361,501,104,1039,697,97,419910
4023,0,6179878,http://www.bilibili.com/video/av6179878,1516,162,609,285,0,419676
7012,0,6374713,http://www.bilibili.com/video/av6374713,2023,74,2784,1521,0,419467
23096,0,6398089,http://www.bilibili.com/video/av6398089,8560,802,1965,370,0,419360
6480,0,6109574,http://www.bilibili.com/video/av6109574,659,82,608,222,0,419237
3893,0,6269233,http://www.bilibili.com/video/av6269233,1201,3094,17146,17304,19,418095
14865,0,6455930,http://www.bilibili.com/video/av6455930,1204,109,1142,256,0,417158
17214,0,6370890,http://www.bilibili.com/video/av6370890,1355,117,946,209,0,417015
2088,0,6262120,http://www.bilibili.com/video/av6262120,1980,1017,3281,11887,92,415885
1809,0,6406267,http://www.bilibili.com/video/av6406267,771,497,212,5669,73,414478
9971,0,6295224,http://www.bilibili.com/video/av6295224,2234,324,27297,3470,29,414449
7007,0,6209823,http://www.bilibili.com/video/av6209823,4201,1799,5538,2740,69,414125
6610,0,6422255,http://www.bilibili.com/video/av6422255,1436,251,1924,2267,42,414091
6126,0,6364165,http://www.bilibili.com/video/av6364165,4603,2583,19106,28672,42,412249
1078,0,6370627,http://www.bilibili.com/video/av6370627,609,147,1520,2222,70,411262
4136,0,6218450,http://www.bilibili.com/video/av6218450,1388,4249,5098,9521,57,410317
6621,0,6269747,http://www.bilibili.com/video/av6269747,603,85,1094,285,0,410255
1959,0,6195304,http://www.bilibili.com/video/av6195304,1404,95,866,716,84,409893
35444,0,6434067,http://www.bilibili.com/video/av6434067,6287,5711,9151,31153,95,409875
1582,0,6151972,http://www.bilibili.com/video/av6151972,1034,161,1665,931,11,409645
2770,0,6250603,http://www.bilibili.com/video/av6250603,376,2385,1551,13565,56,409217
2240,0,6192872,http://www.bilibili.com/video/av6192872,674,190,2039,1005,43,406919
13649,0,6128992,http://www.bilibili.com/video/av6128992,4128,445,2138,405,0,405949
40153,0,6393951,http://www.bilibili.com/video/av6393951,3926,759,4891,6101,0,405866
1870,0,6231242,http://www.bilibili.com/video/av6231242,1469,375,1115,924,39,405791
18501,0,6266905,http://www.bilibili.com/video/av6266905,2596,218,1814,293,0,405274
5400,0,6157330,http://www.bilibili.com/video/av6157330,1170,271,1055,1334,10,404231
5082,0,6306836,http://www.bilibili.com/video/av6306836,1194,125,2691,936,79,403877
1001,0,6329270,http://www.bilibili.com/video/av6329270,1091,236,1481,1194,47,403463
2617,0,6191326,http://www.bilibili.com/video/av6191326,2131,217,1598,1363,29,403086
1505,0,6126800,http://www.bilibili.com/video/av6126800,600,365,4014,10650,64,402314
23202,0,6386174,http://www.bilibili.com/video/av6386174,5059,558,2243,418,0,402191
2915,1,6321650,http://www.bilibili.com/video/av6321650,953,709,6623,14648,34,402052
1671,0,6173387,http://www.bilibili.com/video/av6173387,2466,3313,661,5437,77,401813
1638,0,6460175,http://www.bilibili.com/video/av6460175,1054,227,1632,1701,81,400565
1482,0,6357123,http://www.bilibili.com/video/av6357123,1075,108,879,459,17,399857
2838,0,6438111,http://www.bilibili.com/video/av6438111,1295,1086,14461,18183,45,399444
2865,0,6245294,http://www.bilibili.com/video/av6245294,1591,3357,18721,27284,21,398842
5026,0,6255724,http://www.bilibili.com/video/av6255724,561,70,413,240,0,398249
4175,0,6203260,http://www.bilibili.com/video/av6203260,1135,5972,2983,13609,25,397527
9379,0,6473677,http://www.bilibili.com/video/av6473677,1881,384,3641,1153,0,396994
3594,0,6470526,http://www.bilibili.com/video/av6470526,1414,343,1340,1284,61,396817
9743,0,6227413,http://www.bilibili.com/video/av6227413,4936,2916,14315,22653,46,396205
57019,0,6229946,http://www.bilibili.com/video/av6229946,5832,266,1858,575,0,395758
10256,0,6297433,http://www.bilibili.com/video/av6297433,2781,107,4925,2412,25,394694
1156,0,6413130,http://www.bilibili.com/video/av6413130,301,193,203,5096,63,394617
4905,0,6473156,http://www.bilibili.com/video/av6473156,4106,2875,29797,16191,63,393987
2785,0,6328683,http://www.bilibili.com/video/av6328683,809,2343,6765,13233,75,393377
2812,0,6193961,http://www.bilibili.com/video/av6193961,2264,301,5016,7250,22,391674
1669,0,6395319,http://www.bilibili.com/video/av6395319,417,79,876,688,78,391374
6739,0,6457469,http://www.bilibili.com/video/av6457469,1483,391,2653,1215,37,389169
2212,0,6134696,http://www.bilibili.com/video/av6134696,699,120,2056,1059,64,389038
1575,0,6372161,http://www.bilibili.com/video/av6372161,1838,1024,1081,11060,57,388874
1102,0,6384705,http://www.bilibili.com/video/av6384705,674,209,1197,765,0,388272
1508,0,6220304,http://www.bilibili.com/video/av6220304,1159,928,2108,4100,77,387932
4801,0,6263994,http://www.bilibili.com/video/av6263994,1442,172,526,279,0,387898
1465,0,6217723,http://www.bilibili.com/video/av6217723,844,88,470,339,0,387860
2539,0,6110367,http://www.bilibili.com/video/av6110367,1315,3420,11297,16773,58,387129
36862,0,6208973,http://www.bilibili.com/video/av6208973,2007,183,1427,3044,0,386424
2568,0,6423775,http://www.bilibili.com/video/av6423775,1284,2740,2000,6064,100,386317
9428,0,6326361,http://www.bilibili.com/video/av6326361,2210,93,5201,1404,28,386235
1848,0,6132414,http://www.bilibili.com/video/av6132414,955,96,429,355,0,386131
5880,0,6257897,http://www.bilibili.com/video/av6257897,2105,2913,5111,18889,15,383502
2129,0,6250327,http://www.bilibili.com/video/av6250327,846,1459,599,9723,0,383271
2365,0,6107412,http://www.bilibili.com/video/av6107412,2588,197,1395,775,100,382986
980,0,6212844,http://www.bilibili.com/video/av6212844,874,225,1680,1083,68,382655
9806,0,6265633,http://www.bilibili.com/video/av6265633,2204,1863,2950,5473,69,382247
6410,0,6256707,http://www.bilibili.com/video/av6256707,1440,161,3196,2211,28,381536
3947,0,6247440,http://www.bilibili.com/video/av6247440,1310,173,1044,1532,60,381498
2292,0,6248596,http://www.bilibili.com/video/av6248596,595,113,1685,285,0,379917
2057,0,6249391,http://www.bilibili.com/video/av6249391,1750,4728,5528,15275,30,379384
4877,0,6275102,http://www.bilibili.com/video/av6275102,812,4873,15820,22106,24,379267
4054,0,6180910,http://www.bilibili.com/video/av6180910,2113,1496,14647,19748,83,378975
3753,0,6122660,http://www.bilibili.com/video/av6122660,771,88,2257,282,0,378712
12578,0,6179157,http://www.bilibili.com/video/av6179157,1231,879,3107,26442,92,378567
1910,0,6372887,http://www.bilibili.com/video/av6372887,562,3120,6535,12710,35,378530
5049,0,6155326,http://www.bilibili.com/video/av6155326,1187,2006,4358,4386,69,378133
2579,0,6436271,http://www.bilibili.com/video/av6436271,761,3530,6119,8510,100,377176
1404,0,6352711,http://www.bilibili.com/video/av6352711,692,184,1957,1027,53,377142
3275,0,6354824,http://www.bilibili.com/video/av6354824,1849,58,1728,898,21,377107
1922,0,6218686,http://www.bilibili.com/video/av6218686,501,183,1153,937,90,376549
30291,0,6119816,http://www.bilibili.com/video/av6119816,1298,83,524,1702,0,373828
4168,1,6229073,http://www.bilibili.com/video/av6229073,1626,2857,19943,41371,93,373191
30290,0,6207270,http://www.bilibili.com/video/av6207270,273,186,242,10602,0,372391
8339,0,6472828,http://www.bilibili.com/video/av6472828,3738,957,2351,1804,0,371195
3186,0,6430082,http://www.bilibili.com/video/av6430082,1461,660,2739,1984,67,370584
1423,0,6441785,http://www.bilibili.com/video/av6441785,1261,140,855,494,19,370568
5413,0,6193071,http://www.bilibili.com/video/av6193071,1379,4079,11003,16029,72,370010
11396,0,6458565,http://www.bilibili.com/video/av6458565,3599,3275,21376,23711,39,368574
1927,0,6268237,http://www.bilibili.com/video/av6268237,1021,194,900,642,30,368538
1087,0,6176242,http://www.bilibili.com/video/av6176242,1250,475,2687,9041,49,367816
1920,0,6138125,http://www.bilibili.com/video/av6138125,1075,857,3122,21829,46,367710
2000,0,6276493,http://www.bilibili.com/video/av6276493,408,160,378,1290,85,367477
2024,0,6319301,http://www.bilibili.com/video/av6319301,1076,56,716,402,43,367292
1979,0,6431790,http://www.bilibili.com/video/av6431790,704,331,896,994,0,367055
1135,0,6437197,http://www.bilibili.com/video/av6437197,1210,169,1070,1279,24,366830
2292,0,6428106,http://www.bilibili.com/video/av6428106,2912,2588,1608,11786,27,366213
7689,0,6213818,http://www.bilibili.com/video/av6213818,2688,3530,16210,12730,47,364916
12549,0,6469528,http://www.bilibili.com/video/av6469528,3863,1529,10235,3519,0,363813
1094,0,6430994,http://www.bilibili.com/video/av6430994,465,361,1382,884,34,362943
1563,0,6234952,http://www.bilibili.com/video/av6234952,1252,927,20762,6532,84,362859
6457,0,6395905,http://www.bilibili.com/video/av6395905,1199,543,1441,5708,75,362795
1753,0,6125866,http://www.bilibili.com/video/av6125866,1005,1808,6761,10218,78,362042
81339,0,6218428,http://www.bilibili.com/video/av6218428,2650,400,2684,17995,0,361663
1656,0,6409291,http://www.bilibili.com/video/av6409291,1005,433,1361,1004,31,361308
26782,0,6456542,http://www.bilibili.com/video/av6456542,1313,1222,2128,22330,97,360126
954,0,6124374,http://www.bilibili.com/video/av6124374,506,1119,189,3014,6,359679
2470,0,6384986,http://www.bilibili.com/video/av6384986,1693,2018,1497,6098,92,358799
32211,0,6206046,http://www.bilibili.com/video/av6206046,1066,75,485,1769,0,357955
1111,0,6138993,http://www.bilibili.com/video/av6138993,683,716,776,2873,84,357706
40474,0,6107147,http://www.bilibili.com/video/av6107147,1384,93,597,1660,0,356261
3260,0,6113943,http://www.bilibili.com/video/av6113943,550,1515,7439,36098,41,356057
19142,0,6374412,http://www.bilibili.com/video/av6374412,6947,1021,13834,7604,51,355549
3108,0,6232714,http://www.bilibili.com/video/av6232714,600,916,2800,5341,97,355449
7355,0,6329178,http://www.bilibili.com/video/av6329178,1682,65,4782,1742,43,354777
2079,0,6332486,http://www.bilibili.com/video/av6332486,1369,1868,27670,11830,30,353067
56296,0,6144915,http://www.bilibili.com/video/av6144915,4456,195,1744,384,0,352843
8717,0,6138380,http://www.bilibili.com/video/av6138380,4815,2639,23603,28095,68,352297
1506,0,6383675,http://www.bilibili.com/video/av6383675,968,817,11576,17255,69,351319
5710,0,6266547,http://www.bilibili.com/video/av6266547,2442,2727,19441,12544,40,350655
4789,0,6461926,http://www.bilibili.com/video/av6461926,2027,916,3230,13410,80,350593
23606,0,6356929,http://www.bilibili.com/video/av6356929,4625,444,3930,602,0,350533
21554,0,6195093,http://www.bilibili.com/video/av6195093,986,69,487,1495,0,349746
33900,0,6315895,http://www.bilibili.com/video/av6315895,5062,355,1783,2987,0,349247
4927,0,6169176,http://www.bilibili.com/video/av6169176,815,73,665,195,0,348802
445,0,6380478,http://www.bilibili.com/video/av6380478,1040,1095,445,3111,91,347852
5329,0,6255721,http://www.bilibili.com/video/av6255721,1025,85,1038,208,0,347463
2416,0,6136078,http://www.bilibili.com/video/av6136078,2227,3232,8848,27919,78,347192
5210,0,6150948,http://www.bilibili.com/video/av6150948,2650,543,12817,4482,27,346236
1227,0,6326941,http://www.bilibili.com/video/av6326941,897,118,800,517,48,345509
6119,0,6354376,http://www.bilibili.com/video/av6354376,2398,267,713,305,0,345410
2044,0,6307717,http://www.bilibili.com/video/av6307717,1011,27,1003,405,84,345326
1378,0,6405736,http://www.bilibili.com/video/av6405736,1112,291,1050,789,62,344563
1527,0,6416016,http://www.bilibili.com/video/av6416016,1303,1154,3317,7532,66,343435
2157,0,6196662,http://www.bilibili.com/video/av6196662,674,1817,15451,14943,56,342558
7074,0,6471208,http://www.bilibili.com/video/av6471208,17883,682,9773,3501,84,342518
5478,0,6259681,http://www.bilibili.com/video/av6259681,2926,1486,16957,16215,31,342500
14275,0,6214632,http://www.bilibili.com/video/av6214632,3191,311,1559,286,0,342196
14244,0,6348273,http://www.bilibili.com/video/av6348273,472,497,1242,22062,0,341331
2008,0,6181257,http://www.bilibili.com/video/av6181257,528,103,1178,634,41,340950
2683,0,6117634,http://www.bilibili.com/video/av6117634,508,233,1357,1101,68,339773
2223,0,6110486,http://www.bilibili.com/video/av6110486,1093,1549,3712,13391,57,339767
3278,0,6230179,http://www.bilibili.com/video/av6230179,2399,40,749,425,78,339759
13297,0,6266904,http://www.bilibili.com/video/av6266904,3253,2951,14064,24858,63,338623
9983,0,6346050,http://www.bilibili.com/video/av6346050,1507,137,474,180,0,337826
5731,0,6272015,http://www.bilibili.com/video/av6272015,2032,135,4934,1508,60,334533
2174,0,6386740,http://www.bilibili.com/video/av6386740,1651,212,3497,1912,76,334307
2354,0,6345948,http://www.bilibili.com/video/av6345948,1104,1364,6444,11043,87,332959
6423,0,6290713,http://www.bilibili.com/video/av6290713,3498,1022,22616,9439,75,332841
6226,0,6384158,http://www.bilibili.com/video/av6384158,2121,52,1642,981,59,331721
5615,0,6285082,http://www.bilibili.com/video/av6285082,1012,1513,1227,4410,2,331608
9739,0,6282161,http://www.bilibili.com/video/av6282161,2596,127,3879,1884,26,331399
11577,0,6306357,http://www.bilibili.com/video/av6306357,3352,290,1518,293,0,330706
2753,0,6410021,http://www.bilibili.com/video/av6410021,2378,2008,6497,16177,69,330301
4361,0,6223499,http://www.bilibili.com/video/av6223499,2061,1652,9534,11549,53,329364
3375,0,6175272,http://www.bilibili.com/video/av6175272,3414,1810,9180,24245,24,329074
6939,0,6281781,http://www.bilibili.com/video/av6281781,1018,2668,13608,25400,87,328977
3972,0,6462485,http://www.bilibili.com/video/av6462485,1007,344,2475,823,95,328623
1489,0,6304702,http://www.bilibili.com/video/av6304702,1768,127,914,554,48,328390
1853,0,6278666,http://www.bilibili.com/video/av6278666,825,1315,9717,4874,12,327328
1886,0,6407435,http://www.bilibili.com/video/av6407435,740,220,153,2563,13,327125
1708,0,6428417,http://www.bilibili.com/video/av6428417,552,454,4372,9752,40,326660
5635,0,6168381,http://www.bilibili.com/video/av6168381,1745,137,4126,1862,58,326182
3030,0,6324219,http://www.bilibili.com/video/av6324219,1061,3042,18477,21255,92,325984
14269,0,6382639,http://www.bilibili.com/video/av6382639,741,2214,1668,21175,0,324806
9614,0,6185044,http://www.bilibili.com/video/av6185044,2567,364,4043,2298,9,324683
2133,0,6344503,http://www.bilibili.com/video/av6344503,936,1020,7407,11567,67,324545
1634,0,6381565,http://www.bilibili.com/video/av6381565,1035,3366,7993,6805,0,324246
2134,0,6413046,http://www.bilibili.com/video/av6413046,2482,906,3563,1767,0,323763
1794,0,6346131,http://www.bilibili.com/video/av6346131,505,349,972,1483,30,323380
6583,0,6126674,http://www.bilibili.com/video/av6126674,1919,108,5775,1727,72,323364
43306,0,6295379,http://www.bilibili.com/video/av6295379,1495,48,458,1423,0,323261
1167,0,6467534,http://www.bilibili.com/video/av6467534,601,629,4460,9475,81,322733
12080,0,6292447,http://www.bilibili.com/video/av6292447,5032,1359,4989,8895,95,321493
26883,0,6279548,http://www.bilibili.com/video/av6279548,1348,77,468,1399,0,321169
4071,0,6291427,http://www.bilibili.com/video/av6291427,3256,3765,34121,32667,46,319724
6432,0,6216571,http://www.bilibili.com/video/av6216571,1087,153,2608,1570,86,319455
2490,0,6466281,http://www.bilibili.com/video/av6466281,7479,2515,6638,5512,96,318839
1466,0,6412851,http://www.bilibili.com/video/av6412851,923,200,1618,1233,83,318674
76140,0,6358541,http://www.bilibili.com/video/av6358541,1526,257,1752,16150,0,317949
18773,0,6281991,http://www.bilibili.com/video/av6281991,2716,2813,12331,2027,0,317646
1836,0,6377356,http://www.bilibili.com/video/av6377356,964,3397,1944,12236,31,317480
4868,0,6345627,http://www.bilibili.com/video/av6345627,1265,78,810,219,0,317345
1158,0,6334311,http://www.bilibili.com/video/av6334311,623,488,4348,18810,86,317084
7446,0,6212923,http://www.bilibili.com/video/av6212923,2079,34,3196,1040,70,316757
1694,0,6253337,http://www.bilibili.com/video/av6253337,826,1353,8372,40907,48,316317
692,0,6419332,http://www.bilibili.com/video/av6419332,525,677,1504,4765,44,315987
2217,0,6127228,http://www.bilibili.com/video/av6127228,1901,616,7027,10851,43,315252
1603,0,6216508,http://www.bilibili.com/video/av6216508,562,52,979,420,80,315173
35941,0,6264685,http://www.bilibili.com/video/av6264685,3289,314,12293,4949,76,314611
3333,0,6116918,http://www.bilibili.com/video/av6116918,2128,2354,6099,8277,54,314181
1384,0,6393568,http://www.bilibili.com/video/av6393568,467,206,465,810,93,314132
995,0,6317036,http://www.bilibili.com/video/av6317036,2260,2337,982,5687,78,313393
9283,0,6401065,http://www.bilibili.com/video/av6401065,679,1230,4107,4385,85,313276
4498,0,6167793,http://www.bilibili.com/video/av6167793,1701,613,14391,6377,75,312758
10123,0,6271025,http://www.bilibili.com/video/av6271025,1818,536,4190,3307,57,312547
1264,0,6183286,http://www.bilibili.com/video/av6183286,507,519,942,5154,6,312301
874,0,6203250,http://www.bilibili.com/video/av6203250,561,413,923,4252,100,312268
2091,0,6123908,http://www.bilibili.com/video/av6123908,1330,868,4319,5563,100,309687
2438,0,6310721,http://www.bilibili.com/video/av6310721,1013,144,490,296,0,309334
1417,0,6334958,http://www.bilibili.com/video/av6334958,2797,1982,8512,9516,56,308868
2338,0,6294810,http://www.bilibili.com/video/av6294810,469,239,936,966,53,307860
1612,0,6377404,http://www.bilibili.com/video/av6377404,447,575,519,4733,64,307446
703,0,6426506,http://www.bilibili.com/video/av6426506,945,1010,2448,5807,59,307215
2261,0,6107593,http://www.bilibili.com/video/av6107593,1027,394,2701,950,77,307134
1913,0,6198702,http://www.bilibili.com/video/av6198702,1242,811,1265,904,18,306536
8325,0,6429840,http://www.bilibili.com/video/av6429840,1435,253,1480,338,0,306434
2725,0,6388440,http://www.bilibili.com/video/av6388440,2775,130,281,2943,88,306351
370,0,6137076,http://www.bilibili.com/video/av6137076,537,187,288,2793,95,306197
4242,0,6253138,http://www.bilibili.com/video/av6253138,1491,2187,16873,5115,50,305929
2057,0,6218815,http://www.bilibili.com/video/av6218815,501,127,1168,5214,0,305716
9500,0,6443073,http://www.bilibili.com/video/av6443073,348,2681,758,8214,99,305649
3953,0,6271706,http://www.bilibili.com/video/av6271706,2567,853,4772,11455,60,305640
1164,0,6157509,http://www.bilibili.com/video/av6157509,887,1085,6063,8578,26,305331
2669,0,6216362,http://www.bilibili.com/video/av6216362,810,860,2851,2661,99,304923
2059,0,6315784,http://www.bilibili.com/video/av6315784,1248,58,636,659,58,304754
5328,0,6393448,http://www.bilibili.com/video/av6393448,650,1323,2038,9135,19,303532
26671,0,6283636,http://www.bilibili.com/video/av6283636,3084,490,1691,3575,0,303440
5397,0,6211815,http://www.bilibili.com/video/av6211815,2571,791,4097,1468,36,302456
3415,0,6392490,http://www.bilibili.com/video/av6392490,1865,167,3379,20491,88,301897
17414,0,6146200,http://www.bilibili.com/video/av6146200,359,407,797,19793,52,301004
1313,0,6207630,http://www.bilibili.com/video/av6207630,481,1282,8920,6621,40,300850
1286,0,6469076,http://www.bilibili.com/video/av6469076,523,137,1566,697,63,299878
1890,0,6224631,http://www.bilibili.com/video/av6224631,705,1103,591,6439,97,299759
8453,0,6459538,http://www.bilibili.com/video/av6459538,1674,150,4894,2428,89,299696
1376,0,6273765,http://www.bilibili.com/video/av6273765,1483,145,3071,7838,70,298820
1739,0,6306826,http://www.bilibili.com/video/av6306826,994,196,1192,1447,80,298495
1258,0,6184270,http://www.bilibili.com/video/av6184270,1390,76,748,395,28,298166
2942,0,6319667,http://www.bilibili.com/video/av6319667,1621,52,2571,2208,51,298158
7258,0,6260202,http://www.bilibili.com/video/av6260202,2269,5676,16900,31901,56,297769
3294,0,6395890,http://www.bilibili.com/video/av6395890,1188,163,1878,770,0,297569
1089,0,6179534,http://www.bilibili.com/video/av6179534,758,94,882,521,35,297557
3323,0,6194938,http://www.bilibili.com/video/av6194938,1967,4180,15690,22606,91,297157
2477,0,6271639,http://www.bilibili.com/video/av6271639,724,3603,7392,10111,0,296726
1723,0,6304754,http://www.bilibili.com/video/av6304754,708,165,1240,469,0,296649
1497,0,6146884,http://www.bilibili.com/video/av6146884,1372,135,781,472,76,296338
18606,0,6429821,http://www.bilibili.com/video/av6429821,2062,238,2263,5508,0,295072
1016,0,6183354,http://www.bilibili.com/video/av6183354,453,86,880,891,0,293717
5868,0,6303176,http://www.bilibili.com/video/av6303176,1249,1801,14852,9773,79,293631
3097,0,6321163,http://www.bilibili.com/video/av6321163,1134,644,3994,12806,92,293296
62804,0,6324109,http://www.bilibili.com/video/av6324109,4792,190,1637,381,0,293054
5380,0,6384332,http://www.bilibili.com/video/av6384332,1984,3433,7112,27677,66,292583
1558,0,6251550,http://www.bilibili.com/video/av6251550,748,155,2239,1242,64,292187
1615,0,6378111,http://www.bilibili.com/video/av6378111,446,87,879,600,0,292168
1462,0,6308040,http://www.bilibili.com/video/av6308040,734,60,941,845,0,292144
757,0,6445711,http://www.bilibili.com/video/av6445711,243,261,927,3422,80,291796
3288,0,6203502,http://www.bilibili.com/video/av6203502,1294,259,1910,14750,83,291727
5029,0,6457790,http://www.bilibili.com/video/av6457790,1077,599,342,2459,54,291619
1831,0,6436952,http://www.bilibili.com/video/av6436952,499,34,630,320,0,291360
1802,0,6447475,http://www.bilibili.com/video/av6447475,1117,1176,4576,15345,96,291036
5181,0,6362855,http://www.bilibili.com/video/av6362855,959,2859,5685,5443,0,290393
74407,0,6402329,http://www.bilibili.com/video/av6402329,6117,341,2977,514,0,290253
4741,0,6344299,http://www.bilibili.com/video/av6344299,1628,1116,8389,11018,83,290044
4678,0,6317858,http://www.bilibili.com/video/av6317858,1520,290,2505,1456,0,289033
1523,0,6459995,http://www.bilibili.com/video/av6459995,417,50,632,424,0,288862
940,0,6142203,http://www.bilibili.com/video/av6142203,1274,582,1976,4083,30,288821
871,0,6328283,http://www.bilibili.com/video/av6328283,439,215,393,845,73,288784
3825,0,6427352,http://www.bilibili.com/video/av6427352,985,2711,13502,11690,31,287120
4069,0,6250736,http://www.bilibili.com/video/av6250736,1282,74,3026,1721,58,285835
9571,0,6241121,http://www.bilibili.com/video/av6241121,5057,676,11291,7079,76,285636
4657,0,6162977,http://www.bilibili.com/video/av6162977,555,499,242,4215,99,285558
4172,0,6129923,http://www.bilibili.com/video/av6129923,497,78,520,100,0,285507
1791,0,6296559,http://www.bilibili.com/video/av6296559,1629,177,446,660,0,285356
1244,0,6340524,http://www.bilibili.com/video/av6340524,442,140,1735,755,57,284995
18750,0,6332838,http://www.bilibili.com/video/av6332838,2618,1797,3804,12125,81,284857
6251,0,6373235,http://www.bilibili.com/video/av6373235,1421,353,3318,1904,24,284520
11359,0,6208151,http://www.bilibili.com/video/av6208151,1629,81,1583,298,0,284515
737,0,6309134,http://www.bilibili.com/video/av6309134,659,191,648,943,53,283730
2171,0,6437036,http://www.bilibili.com/video/av6437036,384,1039,3399,8730,52,283668
2177,0,6202906,http://www.bilibili.com/video/av6202906,1098,924,9338,24252,44,283484
3539,0,6119142,http://www.bilibili.com/video/av6119142,2261,5012,14852,18949,37,281775
4250,0,6383251,http://www.bilibili.com/video/av6383251,1202,3453,9695,8166,39,281615
2884,0,6384795,http://www.bilibili.com/video/av6384795,1986,2603,14797,16493,41,281419
1784,0,6278305,http://www.bilibili.com/video/av6278305,634,40,859,454,0,281408
8638,0,6457400,http://www.bilibili.com/video/av6457400,3778,2330,25062,21626,76,280311
5163,0,6128108,http://www.bilibili.com/video/av6128108,1187,2147,14401,41314,34,280037
555,0,6222736,http://www.bilibili.com/video/av6222736,592,112,197,4896,74,279658
1376,0,6173235,http://www.bilibili.com/video/av6173235,448,310,1161,1174,38,279323
16767,0,6175145,http://www.bilibili.com/video/av6175145,1880,223,1451,484,0,279165
3125,0,6212078,http://www.bilibili.com/video/av6212078,1189,178,2387,1733,39,278936
617,0,6204816,http://www.bilibili.com/video/av6204816,360,174,142,3469,69,278461
4622,0,6294620,http://www.bilibili.com/video/av6294620,1963,273,1560,2270,67,278246
7250,0,6228019,http://www.bilibili.com/video/av6228019,2019,2648,22172,21944,100,278156
8897,0,6171121,http://www.bilibili.com/video/av6171121,1076,126,846,214,0,277573
2035,0,6124553,http://www.bilibili.com/video/av6124553,581,209,1649,593,73,277343
5546,0,6468858,http://www.bilibili.com/video/av6468858,2354,430,8830,17557,53,276985
2745,0,6355205,http://www.bilibili.com/video/av6355205,535,370,1337,900,75,276935
1682,0,6109396,http://www.bilibili.com/video/av6109396,1135,232,2720,915,66,276511
18670,0,6432893,http://www.bilibili.com/video/av6432893,2078,352,1426,621,0,275776
6298,0,6110506,http://www.bilibili.com/video/av6110506,811,241,175,2393,56,275285
2137,0,6138388,http://www.bilibili.com/video/av6138388,776,217,1782,655,25,274941
1335,0,6452950,http://www.bilibili.com/video/av6452950,469,202,1705,645,42,274898
737,0,6128440,http://www.bilibili.com/video/av6128440,795,838,2830,7574,79,274718
1364,0,6464492,http://www.bilibili.com/video/av6464492,502,170,1652,618,57,274351
1418,0,6368247,http://www.bilibili.com/video/av6368247,360,27,584,414,0,274208
4002,0,6297481,http://www.bilibili.com/video/av6297481,1652,4526,11154,23156,93,273048
14639,0,6352916,http://www.bilibili.com/video/av6352916,1601,1069,3006,17529,0,273029
1014,0,6269986,http://www.bilibili.com/video/av6269986,410,207,362,623,51,272847
22307,0,6173089,http://www.bilibili.com/video/av6173089,2890,171,998,4470,0,271901
886,0,6288717,http://www.bilibili.com/video/av6288717,1242,637,2342,6032,63,271696
2422,0,6376469,http://www.bilibili.com/video/av6376469,2656,1396,10896,28898,44,271413
1774,0,6391308,http://www.bilibili.com/video/av6391308,597,91,1224,458,58,271263
975,0,6187091,http://www.bilibili.com/video/av6187091,420,252,394,843,30,270859
1110,0,6424633,http://www.bilibili.com/video/av6424633,619,91,166,2117,59,270308
13945,0,6259128,http://www.bilibili.com/video/av6259128,2337,175,1276,513,0,270006
3131,0,6145981,http://www.bilibili.com/video/av6145981,573,182,1506,4172,33,269318
1015,0,6364673,http://www.bilibili.com/video/av6364673,783,138,867,2778,88,268144
6971,0,6289202,http://www.bilibili.com/video/av6289202,2699,3920,25665,21718,53,267890
3221,0,6465759,http://www.bilibili.com/video/av6465759,1661,307,1702,6182,82,267190
3057,0,6273081,http://www.bilibili.com/video/av6273081,961,1404,8650,14482,57,266890
12936,0,6254732,http://www.bilibili.com/video/av6254732,1658,202,1636,4812,0,266584
17745,0,6171551,http://www.bilibili.com/video/av6171551,1600,218,1674,5094,0,266199
8982,0,6163699,http://www.bilibili.com/video/av6163699,1250,74,544,206,0,265597
5866,0,6130571,http://www.bilibili.com/video/av6130571,1598,1028,7888,21837,37,264226
1237,0,6408569,http://www.bilibili.com/video/av6408569,3238,254,3369,3782,2,264156
2433,0,6415285,http://www.bilibili.com/video/av6415285,1791,102,460,347,0,264062
18193,0,6421428,http://www.bilibili.com/video/av6421428,2710,294,1460,461,0,263894
5218,0,6216738,http://www.bilibili.com/video/av6216738,710,68,728,151,0,263889
1066,0,6132665,http://www.bilibili.com/video/av6132665,615,157,385,582,68,263640
1542,0,6135043,http://www.bilibili.com/video/av6135043,652,920,516,4903,50,263601
9207,0,6253886,http://www.bilibili.com/video/av6253886,1863,114,4789,2134,38,263369
5003,0,6397191,http://www.bilibili.com/video/av6397191,777,171,177,2950,74,263316
8481,0,6143446,http://www.bilibili.com/video/av6143446,3184,201,5218,3517,70,263071
1760,0,6350082,http://www.bilibili.com/video/av6350082,437,487,991,21662,91,262364
7708,0,6255388,http://www.bilibili.com/video/av6255388,835,126,807,233,0,261995
2373,0,6134473,http://www.bilibili.com/video/av6134473,1354,240,268,3802,98,261339
2095,0,6379172,http://www.bilibili.com/video/av6379172,1259,990,9374,12426,42,260640
1823,0,6391189,http://www.bilibili.com/video/av6391189,1405,1117,9652,7071,86,260263
1661,0,6397404,http://www.bilibili.com/video/av6397404,2882,1260,6341,5294,60,259352
2971,0,6216644,http://www.bilibili.com/video/av6216644,909,182,1291,3220,38,259333
1560,0,6476044,http://www.bilibili.com/video/av6476044,3390,325,609,1074,0,258991
7330,0,6418019,http://www.bilibili.com/video/av6418019,5238,1506,15057,20304,86,258952
1953,0,6248466,http://www.bilibili.com/video/av6248466,892,41,1678,778,12,258238
37687,0,6385466,http://www.bilibili.com/video/av6385466,3246,561,311,464,0,257765
1078,0,6218241,http://www.bilibili.com/video/av6218241,389,337,448,815,61,257433
9346,0,6212392,http://www.bilibili.com/video/av6212392,2121,550,7438,3441,72,257283
3318,0,6457793,http://www.bilibili.com/video/av6457793,5398,2869,29329,17877,88,257276
1934,0,6388096,http://www.bilibili.com/video/av6388096,728,49,857,423,97,257260
992,0,6114040,http://www.bilibili.com/video/av6114040,710,1504,3736,4784,75,256930
5840,0,6205684,http://www.bilibili.com/video/av6205684,1615,163,2779,1155,32,256726
1380,0,6130398,http://www.bilibili.com/video/av6130398,941,31,883,336,62,256680
12241,0,6345716,http://www.bilibili.com/video/av6345716,2402,164,1720,4575,0,256145
2164,0,6276989,http://www.bilibili.com/video/av6276989,1579,1092,5702,20698,43,256142
5908,0,6202603,http://www.bilibili.com/video/av6202603,1963,192,4213,1562,90,255750
1430,0,6360987,http://www.bilibili.com/video/av6360987,491,242,1432,678,63,255538
9128,0,6133465,http://www.bilibili.com/video/av6133465,522,687,1841,6269,100,255469
4809,0,6456397,http://www.bilibili.com/video/av6456397,996,677,729,8490,88,255434
14246,0,6193285,http://www.bilibili.com/video/av6193285,623,399,953,13388,52,255330
4711,0,6140458,http://www.bilibili.com/video/av6140458,2854,762,641,1629,0,255201
4462,0,6248126,http://www.bilibili.com/video/av6248126,1146,86,529,251,0,255153
2428,0,6389343,http://www.bilibili.com/video/av6389343,986,124,708,382,0,254512
357,0,6110183,http://www.bilibili.com/video/av6110183,421,431,301,2506,80,253686
9929,0,6467794,http://www.bilibili.com/video/av6467794,1205,821,7271,53760,40,253114
800,0,6353181,http://www.bilibili.com/video/av6353181,631,54,529,387,29,252384
6644,0,6461838,http://www.bilibili.com/video/av6461838,584,432,411,14114,0,251792
5613,0,6190785,http://www.bilibili.com/video/av6190785,2165,99,3648,1336,14,251791
2886,0,6425802,http://www.bilibili.com/video/av6425802,1160,963,10313,2702,70,251653
1135,0,6301589,http://www.bilibili.com/video/av6301589,659,1609,6871,20028,95,251532
4128,0,6168287,http://www.bilibili.com/video/av6168287,1786,1811,2917,2214,94,251448
1953,0,6256618,http://www.bilibili.com/video/av6256618,628,138,1325,407,50,251244
2299,1,6466240,http://www.bilibili.com/video/av6466240,886,2275,3894,60751,31,250498
388,0,6421669,http://www.bilibili.com/video/av6421669,251,145,470,4795,66,250351
1502,0,6123962,http://www.bilibili.com/video/av6123962,1535,74,1471,903,61,250121
12544,0,6345617,http://www.bilibili.com/video/av6345617,1613,247,1706,389,0,249982
5150,0,6173401,http://www.bilibili.com/video/av6173401,1334,789,3277,4680,87,248839
816,0,6360962,http://www.bilibili.com/video/av6360962,320,296,332,760,36,248754
226,0,6332471,http://www.bilibili.com/video/av6332471,368,219,188,2391,92,248721
4991,0,6468257,http://www.bilibili.com/video/av6468257,4230,1601,14272,6710,70,248465
1823,0,6232262,http://www.bilibili.com/video/av6232262,259,840,1274,3576,14,247984
2325,0,6385615,http://www.bilibili.com/video/av6385615,1215,290,1682,3906,0,247918
1568,0,6138167,http://www.bilibili.com/video/av6138167,1054,3844,6254,13180,0,247863
2605,0,6461797,http://www.bilibili.com/video/av6461797,1449,133,2516,1245,0,247675
872,0,6465120,http://www.bilibili.com/video/av6465120,444,269,996,3216,100,247554
1010,0,6425172,http://www.bilibili.com/video/av6425172,515,578,472,5015,92,247524
719,0,6252942,http://www.bilibili.com/video/av6252942,2454,247,225,607,89,247399
2606,0,6218383,http://www.bilibili.com/video/av6218383,856,660,3251,2295,0,247048
9168,0,6380548,http://www.bilibili.com/video/av6380548,1337,86,1393,296,0,246733
2526,0,6472125,http://www.bilibili.com/video/av6472125,669,13,680,248,0,246619
1099,0,6177137,http://www.bilibili.com/video/av6177137,565,3491,1725,10858,44,246567
11509,0,6349005,http://www.bilibili.com/video/av6349005,1315,158,1322,429,0,246566
9716,0,6346987,http://www.bilibili.com/video/av6346987,396,807,557,24382,41,246457
600,0,6113519,http://www.bilibili.com/video/av6113519,468,542,357,7913,26,245623
4979,0,6471325,http://www.bilibili.com/video/av6471325,964,113,1713,1733,0,245621
2648,0,6306910,http://www.bilibili.com/video/av6306910,403,138,159,2271,71,245020
3017,0,6314776,http://www.bilibili.com/video/av6314776,1336,121,1759,963,27,244865
3484,0,6474854,http://www.bilibili.com/video/av6474854,723,4095,23727,16120,47,244818
1804,0,6365559,http://www.bilibili.com/video/av6365559,796,832,3275,17521,62,244790
2256,0,6459883,http://www.bilibili.com/video/av6459883,1236,294,2627,1315,75,244677
1875,0,6145024,http://www.bilibili.com/video/av6145024,738,369,2713,10252,56,244286
11802,0,6446946,http://www.bilibili.com/video/av6446946,1390,687,4111,2424,20,244260
26732,0,6463882,http://www.bilibili.com/video/av6463882,757,82,570,1466,0,244063
909,0,6467225,http://www.bilibili.com/video/av6467225,696,429,1258,3772,0,243893
3485,0,6275888,http://www.bilibili.com/video/av6275888,683,578,2834,12485,60,242733
2596,0,6147019,http://www.bilibili.com/video/av6147019,563,1293,3310,24968,3,242096
1980,0,6398364,http://www.bilibili.com/video/av6398364,278,578,1429,6825,6,241778
17061,0,6378383,http://www.bilibili.com/video/av6378383,577,63,305,1195,0,241775
723,0,6340292,http://www.bilibili.com/video/av6340292,737,330,790,1254,80,241542
3411,0,6306898,http://www.bilibili.com/video/av6306898,743,61,507,120,0,241528
268,0,6114865,http://www.bilibili.com/video/av6114865,1131,125,139,898,90,241476
1425,0,6166143,http://www.bilibili.com/video/av6166143,850,558,5147,4215,68,241200
13752,0,6465695,http://www.bilibili.com/video/av6465695,1388,88,1519,273,0,240062
3143,0,6179655,http://www.bilibili.com/video/av6179655,1022,397,2014,3767,0,239888
1630,0,6256720,http://www.bilibili.com/video/av6256720,438,158,593,717,32,239124
7461,0,6474540,http://www.bilibili.com/video/av6474540,708,548,503,5123,92,239081
1161,0,6369950,http://www.bilibili.com/video/av6369950,1197,303,1646,951,18,238904
3986,0,6320380,http://www.bilibili.com/video/av6320380,672,1903,9207,13801,70,238575
4110,0,6132508,http://www.bilibili.com/video/av6132508,412,92,1481,1599,0,238568
1523,0,6342532,http://www.bilibili.com/video/av6342532,905,106,1838,1236,55,238455
1716,0,6125760,http://www.bilibili.com/video/av6125760,738,109,1425,449,94,238210
1411,0,6204844,http://www.bilibili.com/video/av6204844,428,25,612,333,0,237967
2075,0,6366628,http://www.bilibili.com/video/av6366628,812,497,2769,3824,15,237890
910,0,6199830,http://www.bilibili.com/video/av6199830,999,968,3224,14010,23,237807
2239,0,6218274,http://www.bilibili.com/video/av6218274,664,113,1324,429,80,237219
3032,0,6344572,http://www.bilibili.com/video/av6344572,597,380,94,1803,94,237051
1355,0,6462477,http://www.bilibili.com/video/av6462477,606,262,387,1116,87,237040
717,0,6344859,http://www.bilibili.com/video/av6344859,263,237,545,2671,59,236799
18239,0,6236880,http://www.bilibili.com/video/av6236880,2184,372,2464,4026,0,236687
6317,0,6385671,http://www.bilibili.com/video/av6385671,1254,862,988,8989,8,236303
13917,0,6140820,http://www.bilibili.com/video/av6140820,1728,118,411,240,0,236033
1877,0,6236543,http://www.bilibili.com/video/av6236543,738,1906,5934,9134,78,235820
5491,0,6139871,http://www.bilibili.com/video/av6139871,2485,57,2501,896,10,235813
1668,0,6325366,http://www.bilibili.com/video/av6325366,544,179,1617,546,59,235461
1662,0,6261184,http://www.bilibili.com/video/av6261184,507,65,1059,769,45,235296
3575,0,6385259,http://www.bilibili.com/video/av6385259,1670,108,2409,1071,67,235074
1542,0,6184821,http://www.bilibili.com/video/av6184821,561,120,1289,441,46,235025
1424,0,6291258,http://www.bilibili.com/video/av6291258,1377,949,6025,8386,47,234868
3658,0,6138225,http://www.bilibili.com/video/av6138225,1291,1878,1210,5806,20,234710
2131,0,6446967,http://www.bilibili.com/video/av6446967,1544,148,946,764,50,234683
7484,0,6214487,http://www.bilibili.com/video/av6214487,764,212,5714,18301,74,234168
10085,0,6367994,http://www.bilibili.com/video/av6367994,509,44,257,1187,0,233756
6764,0,6272046,http://www.bilibili.com/video/av6272046,1023,883,13924,3981,86,233702
732,0,6224500,http://www.bilibili.com/video/av6224500,848,1424,4104,4405,67,233048
5731,0,6338624,http://www.bilibili.com/video/av6338624,1282,89,473,166,0,232929
1121,0,6420532,http://www.bilibili.com/video/av6420532,327,99,1271,517,54,232224
783,0,6360872,http://www.bilibili.com/video/av6360872,850,294,696,1258,67,231866
10367,0,6462001,http://www.bilibili.com/video/av6462001,1623,67,2214,833,0,231637
1947,0,6214018,http://www.bilibili.com/video/av6214018,950,845,5981,10499,57,230274
8099,0,6114487,http://www.bilibili.com/video/av6114487,509,514,4877,14299,73,230121
606,0,6363625,http://www.bilibili.com/video/av6363625,564,126,1292,5226,65,230042
1416,0,6299850,http://www.bilibili.com/video/av6299850,1591,182,1191,1274,68,229711
813,0,6333664,http://www.bilibili.com/video/av6333664,442,537,317,10190,79,229369
2167,0,6475245,http://www.bilibili.com/video/av6475245,807,613,1137,4465,0,228840
778,0,6286734,http://www.bilibili.com/video/av6286734,437,77,573,691,82,228569
6365,0,6367211,http://www.bilibili.com/video/av6367211,1823,34,3245,853,16,228508
1439,0,6464656,http://www.bilibili.com/video/av6464656,1070,55,1184,634,0,228179
1774,0,6380756,http://www.bilibili.com/video/av6380756,546,2959,4956,8431,25,227910
1431,0,6295198,http://www.bilibili.com/video/av6295198,513,210,849,538,74,227880
3621,0,6207175,http://www.bilibili.com/video/av6207175,7512,2359,10617,22735,28,227707
5168,0,6319507,http://www.bilibili.com/video/av6319507,1195,535,2759,3235,81,227593
3231,0,6389114,http://www.bilibili.com/video/av6389114,448,64,446,99,0,226644
7270,0,6136328,http://www.bilibili.com/video/av6136328,1543,86,1727,1529,87,226608
898,0,6450725,http://www.bilibili.com/video/av6450725,1161,86,858,936,59,226564
4275,0,6177268,http://www.bilibili.com/video/av6177268,789,68,1391,1186,89,225374
6176,0,6227753,http://www.bilibili.com/video/av6227753,883,3091,5302,9574,29,225115
1404,0,6343122,http://www.bilibili.com/video/av6343122,1006,408,4675,2302,65,225071
3829,0,6252914,http://www.bilibili.com/video/av6252914,910,930,1691,2258,0,224998
1410,0,6384348,http://www.bilibili.com/video/av6384348,441,117,115,2750,83,224925
863,0,6436228,http://www.bilibili.com/video/av6436228,336,142,7146,2069,96,224750
950,0,6274615,http://www.bilibili.com/video/av6274615,708,511,1512,1096,0,223594
13157,0,6219918,http://www.bilibili.com/video/av6219918,973,514,375,1859,0,223425
1123,0,6164874,http://www.bilibili.com/video/av6164874,549,195,1336,1676,96,223040
2831,0,6297913,http://www.bilibili.com/video/av6297913,705,447,517,5885,70,222288
8703,0,6316016,http://www.bilibili.com/video/av6316016,2685,111,3715,1521,30,222098
1494,0,6227779,http://www.bilibili.com/video/av6227779,383,222,510,767,95,221831
1047,0,6460799,http://www.bilibili.com/video/av6460799,299,156,263,791,0,221289
5768,0,6112956,http://www.bilibili.com/video/av6112956,1843,119,1856,1033,40,220785
2314,0,6169570,http://www.bilibili.com/video/av6169570,1553,84,1078,771,0,220781
315,0,6384085,http://www.bilibili.com/video/av6384085,300,98,180,3979,42,220272
4835,0,6110056,http://www.bilibili.com/video/av6110056,316,1025,721,4813,0,220132
2881,0,6297418,http://www.bilibili.com/video/av6297418,753,699,8817,17876,87,220098
817,0,6224524,http://www.bilibili.com/video/av6224524,555,679,2201,3212,37,219899
1285,0,6194015,http://www.bilibili.com/video/av6194015,1024,76,1566,550,0,219689
2992,0,6148352,http://www.bilibili.com/video/av6148352,989,1306,6813,12534,54,219339
1297,0,6402150,http://www.bilibili.com/video/av6402150,1148,178,1384,800,56,219279
270,0,6175585,http://www.bilibili.com/video/av6175585,605,2009,388,3763,100,219112
1267,0,6451789,http://www.bilibili.com/video/av6451789,323,150,242,741,0,219068
514,0,6275935,http://www.bilibili.com/video/av6275935,338,26,493,1879,0,218452
3522,0,6362253,http://www.bilibili.com/video/av6362253,448,75,127,1228,91,218131
1152,0,6253577,http://www.bilibili.com/video/av6253577,541,143,522,814,0,218116
6804,0,6370115,http://www.bilibili.com/video/av6370115,825,116,1710,1150,21,216751
2414,0,6121077,http://www.bilibili.com/video/av6121077,982,421,2275,1405,0,216573
3519,0,6453323,http://www.bilibili.com/video/av6453323,946,92,2514,1267,33,216542
3671,0,6355296,http://www.bilibili.com/video/av6355296,469,298,111,1182,96,216435
4627,0,6469468,http://www.bilibili.com/video/av6469468,861,1196,6171,7259,74,216291
1826,0,6214269,http://www.bilibili.com/video/av6214269,1193,947,4584,10474,67,215752
2940,0,6431966,http://www.bilibili.com/video/av6431966,815,313,2036,3285,90,215579
5905,0,6117958,http://www.bilibili.com/video/av6117958,1122,37,3109,770,0,215476
4190,0,6356740,http://www.bilibili.com/video/av6356740,1349,2439,12360,11649,6,214957
1525,0,6128366,http://www.bilibili.com/video/av6128366,927,563,3734,13716,36,214843
1119,0,6425341,http://www.bilibili.com/video/av6425341,620,71,1596,690,44,214157
5214,0,6143060,http://www.bilibili.com/video/av6143060,1904,191,6099,1295,84,214056
753,0,6351142,http://www.bilibili.com/video/av6351142,253,384,2403,3007,52,213767
8264,0,6219145,http://www.bilibili.com/video/av6219145,5144,1370,156,1807,0,213672
1103,0,6474452,http://www.bilibili.com/video/av6474452,302,176,129,1100,91,213574
1126,0,6414333,http://www.bilibili.com/video/av6414333,417,85,765,422,0,213503
11472,0,6350237,http://www.bilibili.com/video/av6350237,1869,64,6109,1672,21,213161
1833,0,6254877,http://www.bilibili.com/video/av6254877,419,1602,4658,1440,0,212753
4869,0,6223527,http://www.bilibili.com/video/av6223527,1778,222,9769,3461,83,212720
1505,0,6430307,http://www.bilibili.com/video/av6430307,1053,932,1539,6111,17,212631
2655,0,6437281,http://www.bilibili.com/video/av6437281,974,149,128,1967,0,211861
8062,0,6358380,http://www.bilibili.com/video/av6358380,715,707,1131,15587,0,210783
3403,0,6357363,http://www.bilibili.com/video/av6357363,2934,1865,9485,4806,53,210644
2588,0,6178539,http://www.bilibili.com/video/av6178539,425,583,3457,12616,97,210574
2694,0,6121862,http://www.bilibili.com/video/av6121862,818,50,1541,494,26,210469
1396,0,6400167,http://www.bilibili.com/video/av6400167,902,656,3870,11872,87,210410
2472,0,6394598,http://www.bilibili.com/video/av6394598,1405,1311,11633,17013,55,210266
818,0,6201444,http://www.bilibili.com/video/av6201444,309,212,1110,14860,50,209990
634,0,6381758,http://www.bilibili.com/video/av6381758,352,187,93,2630,98,209649
4776,0,6180231,http://www.bilibili.com/video/av6180231,473,338,1820,8227,60,209012
12256,0,6226938,http://www.bilibili.com/video/av6226938,1500,96,418,189,0,208808
5122,0,6186245,http://www.bilibili.com/video/av6186245,2654,21,12311,1659,87,208550
2028,0,6332266,http://www.bilibili.com/video/av6332266,1567,571,8197,22305,89,208532
4694,0,6114216,http://www.bilibili.com/video/av6114216,1288,3590,14070,12768,79,207994
3571,0,6217893,http://www.bilibili.com/video/av6217893,364,112,1346,1475,0,207993
23360,0,6221304,http://www.bilibili.com/video/av6221304,3641,389,8900,7308,0,207808
3842,0,6353035,http://www.bilibili.com/video/av6353035,3208,903,10147,12689,76,207569
5482,0,6417414,http://www.bilibili.com/video/av6417414,1653,433,2786,1103,57,207537
1094,0,6132739,http://www.bilibili.com/video/av6132739,1496,40,486,391,0,207493
1802,0,6234048,http://www.bilibili.com/video/av6234048,1094,644,4794,10171,57,207185
592,0,6428996,http://www.bilibili.com/video/av6428996,1622,515,427,1885,95,207135
1395,0,6351878,http://www.bilibili.com/video/av6351878,517,741,6497,7929,15,207054
1423,0,6469732,http://www.bilibili.com/video/av6469732,620,587,3349,2788,0,206806
4893,0,6110731,http://www.bilibili.com/video/av6110731,3002,363,7060,9387,88,206156
1277,0,6418123,http://www.bilibili.com/video/av6418123,427,76,172,1963,65,206122
1731,0,6456426,http://www.bilibili.com/video/av6456426,1894,2197,5931,6985,95,206031
519,0,6112720,http://www.bilibili.com/video/av6112720,2553,337,890,855,97,205999
3071,0,6110086,http://www.bilibili.com/video/av6110086,189,264,190,2930,0,205207
2923,0,6425394,http://www.bilibili.com/video/av6425394,1682,583,6651,10950,96,204886
1160,0,6282691,http://www.bilibili.com/video/av6282691,371,1833,2636,4516,95,204782
3872,0,6311583,http://www.bilibili.com/video/av6311583,634,220,1486,1910,0,204521
2742,0,6281258,http://www.bilibili.com/video/av6281258,1096,881,5686,6110,86,204440
1020,0,6382719,http://www.bilibili.com/video/av6382719,1129,569,630,1650,22,204421
185,0,6265970,http://www.bilibili.com/video/av6265970,507,748,540,893,0,204204
12410,0,6349117,http://www.bilibili.com/video/av6349117,1324,495,5167,8696,56,204186
13404,0,6117099,http://www.bilibili.com/video/av6117099,678,236,860,6545,61,204012
1525,0,6150722,http://www.bilibili.com/video/av6150722,443,1473,4959,3275,0,203796
2639,0,6422055,http://www.bilibili.com/video/av6422055,1023,71,1931,677,24,203690
4153,0,6471996,http://www.bilibili.com/video/av6471996,837,89,699,112,0,203547
829,0,6408848,http://www.bilibili.com/video/av6408848,1782,161,213,1449,59,203331
3783,0,6234899,http://www.bilibili.com/video/av6234899,641,386,173,1596,85,203026
916,0,6344284,http://www.bilibili.com/video/av6344284,563,148,478,673,0,202836
1124,0,6212076,http://www.bilibili.com/video/av6212076,511,65,644,950,0,202463
2039,0,6163998,http://www.bilibili.com/video/av6163998,832,57,1300,616,0,201970
732,0,6322783,http://www.bilibili.com/video/av6322783,1065,471,1112,1554,0,201819
689,0,6185926,http://www.bilibili.com/video/av6185926,656,910,2267,3214,57,201795
2966,0,6294808,http://www.bilibili.com/video/av6294808,828,242,658,6365,87,201365
4844,0,6275484,http://www.bilibili.com/video/av6275484,1082,1614,25187,5309,69,201153
2495,0,6375904,http://www.bilibili.com/video/av6375904,578,880,6220,8156,93,200947
3557,0,6296756,http://www.bilibili.com/video/av6296756,1585,53,2973,806,57,200786
7675,0,6192649,http://www.bilibili.com/video/av6192649,1818,2021,8199,13919,97,200551
2867,0,6374790,http://www.bilibili.com/video/av6374790,482,77,1100,362,0,200409
4383,0,6439763,http://www.bilibili.com/video/av6439763,744,310,173,2155,0,200361
261,0,6432220,http://www.bilibili.com/video/av6432220,543,400,172,2948,87,200339
2696,0,6247482,http://www.bilibili.com/video/av6247482,1098,314,3114,1021,35,200302
1883,0,6414042,http://www.bilibili.com/video/av6414042,2330,285,3672,8889,29,200218
1767,0,6456650,http://www.bilibili.com/video/av6456650,1565,828,5346,12090,11,200117
4543,0,6126636,http://www.bilibili.com/video/av6126636,974,138,519,356,0,200101
3512,0,6468348,http://www.bilibili.com/video/av6468348,1687,2288,13281,7011,69,200047
2278,0,6236769,http://www.bilibili.com/video/av6236769,491,1642,1888,7366,42,199747
873,0,6426733,http://www.bilibili.com/video/av6426733,322,93,182,484,0,199608
3904,0,6379493,http://www.bilibili.com/video/av6379493,4299,1687,17658,3862,39,199087
2574,0,6121534,http://www.bilibili.com/video/av6121534,603,1064,2489,7617,69,198646
381,0,6401315,http://www.bilibili.com/video/av6401315,307,84,468,9848,0,198518
4542,0,6378026,http://www.bilibili.com/video/av6378026,1113,57,1811,692,0,198126
1792,0,6269625,http://www.bilibili.com/video/av6269625,748,57,1653,436,0,198008
4277,0,6426671,http://www.bilibili.com/video/av6426671,1612,1485,7799,11291,47,197999
783,0,6168724,http://www.bilibili.com/video/av6168724,265,118,1112,3647,38,197932
2291,0,6167310,http://www.bilibili.com/video/av6167310,1237,83,1764,710,49,197874
3012,0,6385782,http://www.bilibili.com/video/av6385782,6491,219,1038,2426,89,197110
519,0,6355843,http://www.bilibili.com/video/av6355843,246,70,1140,4043,36,196327
27237,0,6321373,http://www.bilibili.com/video/av6321373,1750,220,581,369,0,196312
1057,0,6151942,http://www.bilibili.com/video/av6151942,948,349,3273,3938,97,196040
1324,0,6202007,http://www.bilibili.com/video/av6202007,1511,452,4812,7297,56,195535
2837,0,6449561,http://www.bilibili.com/video/av6449561,1667,34,2259,891,72,195186
6288,0,6471269,http://www.bilibili.com/video/av6471269,3833,2214,20216,30531,94,195178
4737,0,6120540,http://www.bilibili.com/video/av6120540,1063,34,2430,596,42,195036
1130,0,6386408,http://www.bilibili.com/video/av6386408,250,160,240,645,0,194943
3065,0,6433997,http://www.bilibili.com/video/av6433997,335,1364,665,7617,0,194613
14800,0,6203238,http://www.bilibili.com/video/av6203238,1782,1310,2354,8032,55,194593
1799,0,6152145,http://www.bilibili.com/video/av6152145,396,262,431,828,0,194575
766,0,6190803,http://www.bilibili.com/video/av6190803,280,96,224,513,0,194429
2806,0,6252638,http://www.bilibili.com/video/av6252638,1059,491,1754,1250,75,194262
3987,0,6134757,http://www.bilibili.com/video/av6134757,1304,165,1712,639,38,194064
1640,0,6205334,http://www.bilibili.com/video/av6205334,900,961,6689,12808,88,193987
5110,0,6289459,http://www.bilibili.com/video/av6289459,3077,298,4585,3920,73,193938
745,0,6299939,http://www.bilibili.com/video/av6299939,414,844,1063,1009,0,193592
307,0,6468272,http://www.bilibili.com/video/av6468272,843,272,284,2805,0,193310
7301,0,6449572,http://www.bilibili.com/video/av6449572,755,109,215,10237,0,193168
3552,0,6185966,http://www.bilibili.com/video/av6185966,817,253,1750,568,0,193149
631,0,6298549,http://www.bilibili.com/video/av6298549,259,126,266,2671,97,192554
562,0,6209847,http://www.bilibili.com/video/av6209847,535,305,1753,3631,77,192463
661,0,6367428,http://www.bilibili.com/video/av6367428,488,143,407,700,39,192256
1040,0,6169933,http://www.bilibili.com/video/av6169933,590,91,423,495,0,192010
1314,0,6203852,http://www.bilibili.com/video/av6203852,866,1925,3833,5794,58,191947
3828,0,6217685,http://www.bilibili.com/video/av6217685,1363,1867,20426,14150,100,191679
727,0,6157094,http://www.bilibili.com/video/av6157094,168,795,1145,5812,11,191319
1833,0,6219423,http://www.bilibili.com/video/av6219423,692,1495,4074,4655,71,191281
2133,0,6364118,http://www.bilibili.com/video/av6364118,339,246,143,2204,78,191258
14689,0,6387617,http://www.bilibili.com/video/av6387617,1555,174,499,1951,0,191153
1682,0,6371181,http://www.bilibili.com/video/av6371181,518,984,6013,10308,81,190929
1781,0,6359523,http://www.bilibili.com/video/av6359523,670,58,1277,418,0,190846
1506,0,6247962,http://www.bilibili.com/video/av6247962,2343,229,746,1622,33,190607
2670,1,6120227,http://www.bilibili.com/video/av6120227,683,806,2946,21590,1,190604
1635,0,6344085,http://www.bilibili.com/video/av6344085,370,827,3487,1099,0,190579
227,0,6186770,http://www.bilibili.com/video/av6186770,233,182,352,1834,78,190486
839,0,6216632,http://www.bilibili.com/video/av6216632,1135,188,534,4837,0,190272
3283,0,6283518,http://www.bilibili.com/video/av6283518,344,698,1031,1189,0,190224
12672,0,6453089,http://www.bilibili.com/video/av6453089,382,49,235,929,0,189983
1302,0,6282356,http://www.bilibili.com/video/av6282356,901,70,1373,431,45,189195
2059,0,6339181,http://www.bilibili.com/video/av6339181,729,204,124,4330,86,189146
1337,0,6446767,http://www.bilibili.com/video/av6446767,254,139,319,2821,69,189036
3050,0,6311449,http://www.bilibili.com/video/av6311449,324,153,385,638,68,188968
678,0,6251323,http://www.bilibili.com/video/av6251323,403,407,655,5944,63,188853
1867,0,6107976,http://www.bilibili.com/video/av6107976,1780,347,3197,2276,99,188168
1882,0,6258999,http://www.bilibili.com/video/av6258999,498,39,852,1090,0,187938
3155,0,6149626,http://www.bilibili.com/video/av6149626,1264,76,1146,487,0,187908
1236,0,6457568,http://www.bilibili.com/video/av6457568,1023,566,5479,21082,6,187784
462,0,6325183,http://www.bilibili.com/video/av6325183,435,99,366,1456,85,187405
1308,0,6385563,http://www.bilibili.com/video/av6385563,738,261,4130,7728,83,187268
1251,0,6147591,http://www.bilibili.com/video/av6147591,467,298,4148,3311,94,187144
1626,0,6285619,http://www.bilibili.com/video/av6285619,890,138,3116,1921,36,186579
5734,0,6202593,http://www.bilibili.com/video/av6202593,1471,461,7805,880,0,185679
2362,0,6456781,http://www.bilibili.com/video/av6456781,2059,1920,14661,11712,67,185594
1143,0,6217346,http://www.bilibili.com/video/av6217346,700,744,8445,6348,77,185056
794,0,6282309,http://www.bilibili.com/video/av6282309,478,1006,208,3022,50,184925
1061,0,6289782,http://www.bilibili.com/video/av6289782,355,97,194,652,0,184677
4518,0,6321136,http://www.bilibili.com/video/av6321136,713,49,327,118,0,184306
5867,0,6344541,http://www.bilibili.com/video/av6344541,2917,689,6634,2761,100,183928
689,0,6397682,http://www.bilibili.com/video/av6397682,509,31,342,310,0,183632
1563,0,6366129,http://www.bilibili.com/video/av6366129,889,380,3652,9279,26,183512
1217,0,6345442,http://www.bilibili.com/video/av6345442,214,631,1527,2924,44,183447
9633,0,6129751,http://www.bilibili.com/video/av6129751,977,152,577,154,0,183419
969,0,6407758,http://www.bilibili.com/video/av6407758,818,409,4694,10388,94,183038
1870,0,6253813,http://www.bilibili.com/video/av6253813,656,720,4211,5490,21,182921
2361,0,6164825,http://www.bilibili.com/video/av6164825,1464,1563,12505,14355,44,182696
216,0,6262380,http://www.bilibili.com/video/av6262380,463,1080,382,3411,100,182553
3238,0,6408410,http://www.bilibili.com/video/av6408410,1677,632,6624,14322,84,182543
2778,0,6122759,http://www.bilibili.com/video/av6122759,1149,261,3440,3322,96,182536
1281,0,6119735,http://www.bilibili.com/video/av6119735,1282,177,3658,1634,89,182488
589,0,6187970,http://www.bilibili.com/video/av6187970,269,127,361,2098,0,182441
7747,0,6273996,http://www.bilibili.com/video/av6273996,283,381,639,2464,0,182116
10530,0,6128646,http://www.bilibili.com/video/av6128646,425,175,261,2633,0,181882
3611,0,6274616,http://www.bilibili.com/video/av6274616,1066,1312,14789,4812,92,181836
5179,0,6443886,http://www.bilibili.com/video/av6443886,685,183,728,2247,85,181815
3720,0,6109882,http://www.bilibili.com/video/av6109882,964,1903,9432,13975,92,181739
878,0,6378088,http://www.bilibili.com/video/av6378088,363,315,587,764,87,181668
4708,0,6244062,http://www.bilibili.com/video/av6244062,2465,1775,10622,19562,85,181612
3218,0,6132619,http://www.bilibili.com/video/av6132619,410,130,322,592,90,181576
979,0,6325983,http://www.bilibili.com/video/av6325983,618,1117,2173,20738,54,181488
1698,0,6244975,http://www.bilibili.com/video/av6244975,390,139,180,2730,0,181214
3873,0,6185542,http://www.bilibili.com/video/av6185542,3549,4155,10409,12025,62,181163
746,0,6268392,http://www.bilibili.com/video/av6268392,276,112,420,4651,77,181054
822,0,6473145,http://www.bilibili.com/video/av6473145,568,2196,2978,4813,0,180870
981,0,6268889,http://www.bilibili.com/video/av6268889,793,751,2110,4678,39,180844
666,0,6336544,http://www.bilibili.com/video/av6336544,816,695,287,3599,46,180830
912,0,6195760,http://www.bilibili.com/video/av6195760,730,648,1029,1731,40,180660
6836,0,6406908,http://www.bilibili.com/video/av6406908,183,457,695,8582,0,180590
3144,0,6437675,http://www.bilibili.com/video/av6437675,1297,47,1803,895,84,180537
3496,0,6307962,http://www.bilibili.com/video/av6307962,499,830,3935,4316,48,180445
834,0,6365510,http://www.bilibili.com/video/av6365510,431,340,210,2709,97,180380
4723,0,6145509,http://www.bilibili.com/video/av6145509,357,37,315,90,0,180358
3763,0,6350661,http://www.bilibili.com/video/av6350661,708,11,2834,594,0,180074
1778,0,6181322,http://www.bilibili.com/video/av6181322,3337,2004,10084,10955,73,180056
1975,0,6340679,http://www.bilibili.com/video/av6340679,566,82,6908,2535,67,180025
1060,0,6339063,http://www.bilibili.com/video/av6339063,578,37,1069,581,21,179911
1373,0,6424642,http://www.bilibili.com/video/av6424642,140,436,260,3423,100,179570
799,0,6262169,http://www.bilibili.com/video/av6262169,782,540,2542,4463,85,178838
1708,0,6284186,http://www.bilibili.com/video/av6284186,1085,516,4273,1869,41,178526
271,0,6362520,http://www.bilibili.com/video/av6362520,305,324,328,1545,0,178384
1878,0,6140880,http://www.bilibili.com/video/av6140880,602,177,168,89,0,178210
2624,0,6234468,http://www.bilibili.com/video/av6234468,2000,117,1217,486,42,177899
1944,0,6461091,http://www.bilibili.com/video/av6461091,574,598,2989,8676,54,177887
887,0,6402177,http://www.bilibili.com/video/av6402177,1701,123,621,389,0,177657
1352,0,6126175,http://www.bilibili.com/video/av6126175,1270,531,2619,5170,89,177449
5139,0,6227448,http://www.bilibili.com/video/av6227448,506,39,290,70,0,177424
1222,0,6457557,http://www.bilibili.com/video/av6457557,176,306,151,4026,0,177372
3332,0,6390180,http://www.bilibili.com/video/av6390180,334,181,316,721,96,177346
1383,0,6262199,http://www.bilibili.com/video/av6262199,691,678,5231,6332,20,177031
2713,0,6213970,http://www.bilibili.com/video/av6213970,2341,681,10471,5405,69,175164
956,0,6432089,http://www.bilibili.com/video/av6432089,715,402,1739,2939,36,175145
12183,0,6210546,http://www.bilibili.com/video/av6210546,1383,196,655,230,0,175094
1054,0,6458937,http://www.bilibili.com/video/av6458937,632,1038,5532,7697,59,174910
1016,0,6249261,http://www.bilibili.com/video/av6249261,627,1021,3050,6393,16,174791
677,0,6455007,http://www.bilibili.com/video/av6455007,337,74,149,1610,0,174414
2675,0,6470334,http://www.bilibili.com/video/av6470334,828,597,5934,41451,22,174390
2069,0,6427331,http://www.bilibili.com/video/av6427331,1114,1862,2175,2199,82,174384
906,0,6125149,http://www.bilibili.com/video/av6125149,814,1205,6312,6829,81,174288
415,0,6366345,http://www.bilibili.com/video/av6366345,76,605,663,5047,0,174235
4347,0,6399322,http://www.bilibili.com/video/av6399322,1698,61,1615,791,58,174182
1097,0,6277081,http://www.bilibili.com/video/av6277081,1188,2413,288,2862,72,174153
622,0,6243713,http://www.bilibili.com/video/av6243713,712,518,6618,14468,98,173812
538,0,6398161,http://www.bilibili.com/video/av6398161,190,41,101,2148,81,173709
569,0,6384826,http://www.bilibili.com/video/av6384826,903,135,3354,3717,97,173679
3569,0,6218205,http://www.bilibili.com/video/av6218205,289,134,346,564,96,173642
2324,0,6107280,http://www.bilibili.com/video/av6107280,457,195,164,2689,59,173395
7089,0,6370482,http://www.bilibili.com/video/av6370482,4692,1381,17659,5505,53,173382
2887,0,6208038,http://www.bilibili.com/video/av6208038,1083,59,1500,613,0,172995
31084,0,6451458,http://www.bilibili.com/video/av6451458,2469,675,2794,1224,0,172627
2340,0,6443940,http://www.bilibili.com/video/av6443940,609,120,1346,481,32,172570
160,0,6286498,http://www.bilibili.com/video/av6286498,341,495,363,4654,0,172486
764,0,6196415,http://www.bilibili.com/video/av6196415,1052,164,77,486,93,172440
2155,0,6397249,http://www.bilibili.com/video/av6397249,760,489,446,536,0,172023
2015,0,6218844,http://www.bilibili.com/video/av6218844,1064,211,110,1268,0,171948
721,0,6323326,http://www.bilibili.com/video/av6323326,515,554,2341,13230,37,171600
9706,0,6214448,http://www.bilibili.com/video/av6214448,969,145,487,149,0,171542
669,0,6450234,http://www.bilibili.com/video/av6450234,202,466,460,1172,0,171497
